hash,config,rep,experiment_subdir
681b3ab3db,"{""config"": {""instance_level"": {""0"": {""match_policy"": ""first"", ""queue_depth"": 32, ""queue_policy"": ""fcfs"", ""reservation_depth"": 64}, ""1"": {""job_request_cores_per_task"": 24, ""job_request_gpus_per_task"": 1, ""job_request_nodes"": 1, ""job_request_ntasks_per_node"": 1, ""job_request_time"": ""30s"", ""match_policy"": ""first"", ""n_jobs"": 20, ""problem_class"": ""A"", ""queue_depth"": 32, ""queue_policy"": ""fcfs"", ""reservation_depth"": 64, ""workload"": ""sleep""}, ""2"": {""job_request_cores_per_task"": 24, ""job_request_gpus_per_task"": 1, ""job_request_nodes"": 1, ""job_request_ntasks_per_node"": 1, ""job_request_time"": ""30s"", ""match_policy"": ""first"", ""n_jobs"": 20, ""problem_class"": ""A"", ""queue_depth"": 32, ""queue_policy"": ""fcfs"", ""reservation_depth"": 64, ""workload"": ""sleep""}}}, ""system"": {""cpu_affinity"": true, ""flux_time_limit"": ""2m"", ""max_cores_per_node"": 96, ""max_gpus_per_node"": 4, ""queue"": ""pbatch"", ""slurm_time_limit"": ""00:02:00"", ""sys_nodes"": 1}}",1,tuolumne/SO_M
681b3ab3db,"{""config"": {""instance_level"": {""0"": {""match_policy"": ""first"", ""queue_depth"": 32, ""queue_policy"": ""fcfs"", ""reservation_depth"": 64}, ""1"": {""job_request_cores_per_task"": 24, ""job_request_gpus_per_task"": 1, ""job_request_nodes"": 1, ""job_request_ntasks_per_node"": 1, ""job_request_time"": ""30s"", ""match_policy"": ""first"", ""n_jobs"": 20, ""problem_class"": ""A"", ""queue_depth"": 32, ""queue_policy"": ""fcfs"", ""reservation_depth"": 64, ""workload"": ""sleep""}, ""2"": {""job_request_cores_per_task"": 24, ""job_request_gpus_per_task"": 1, ""job_request_nodes"": 1, ""job_request_ntasks_per_node"": 1, ""job_request_time"": ""30s"", ""match_policy"": ""first"", ""n_jobs"": 20, ""problem_class"": ""A"", ""queue_depth"": 32, ""queue_policy"": ""fcfs"", ""reservation_depth"": 64, ""workload"": ""sleep""}}}, ""system"": {""cpu_affinity"": true, ""flux_time_limit"": ""2m"", ""max_cores_per_node"": 96, ""max_gpus_per_node"": 4, ""queue"": ""pbatch"", ""slurm_time_limit"": ""00:02:00"", ""sys_nodes"": 1}}",2,tuolumne/SO_M
681b3ab3db,"{""config"": {""instance_level"": {""0"": {""match_policy"": ""first"", ""queue_depth"": 32, ""queue_policy"": ""fcfs"", ""reservation_depth"": 64}, ""1"": {""job_request_cores_per_task"": 24, ""job_request_gpus_per_task"": 1, ""job_request_nodes"": 1, ""job_request_ntasks_per_node"": 1, ""job_request_time"": ""30s"", ""match_policy"": ""first"", ""n_jobs"": 20, ""problem_class"": ""A"", ""queue_depth"": 32, ""queue_policy"": ""fcfs"", ""reservation_depth"": 64, ""workload"": ""sleep""}, ""2"": {""job_request_cores_per_task"": 24, ""job_request_gpus_per_task"": 1, ""job_request_nodes"": 1, ""job_request_ntasks_per_node"": 1, ""job_request_time"": ""30s"", ""match_policy"": ""first"", ""n_jobs"": 20, ""problem_class"": ""A"", ""queue_depth"": 32, ""queue_policy"": ""fcfs"", ""reservation_depth"": 64, ""workload"": ""sleep""}}}, ""system"": {""cpu_affinity"": true, ""flux_time_limit"": ""2m"", ""max_cores_per_node"": 96, ""max_gpus_per_node"": 4, ""queue"": ""pbatch"", ""slurm_time_limit"": ""00:02:00"", ""sys_nodes"": 1}}",3,tuolumne/SO_M
681b3ab3db,"{""config"": {""instance_level"": {""0"": {""match_policy"": ""first"", ""queue_depth"": 32, ""queue_policy"": ""fcfs"", ""reservation_depth"": 64}, ""1"": {""job_request_cores_per_task"": 24, ""job_request_gpus_per_task"": 1, ""job_request_nodes"": 1, ""job_request_ntasks_per_node"": 1, ""job_request_time"": ""30s"", ""match_policy"": ""first"", ""n_jobs"": 20, ""problem_class"": ""A"", ""queue_depth"": 32, ""queue_policy"": ""fcfs"", ""reservation_depth"": 64, ""workload"": ""sleep""}, ""2"": {""job_request_cores_per_task"": 24, ""job_request_gpus_per_task"": 1, ""job_request_nodes"": 1, ""job_request_ntasks_per_node"": 1, ""job_request_time"": ""30s"", ""match_policy"": ""first"", ""n_jobs"": 20, ""problem_class"": ""A"", ""queue_depth"": 32, ""queue_policy"": ""fcfs"", ""reservation_depth"": 64, ""workload"": ""sleep""}}}, ""system"": {""cpu_affinity"": true, ""flux_time_limit"": ""2m"", ""max_cores_per_node"": 96, ""max_gpus_per_node"": 4, ""queue"": ""pbatch"", ""slurm_time_limit"": ""00:02:00"", ""sys_nodes"": 1}}",4,tuolumne/SO_M
681b3ab3db,"{""config"": {""instance_level"": {""0"": {""match_policy"": ""first"", ""queue_depth"": 32, ""queue_policy"": ""fcfs"", ""reservation_depth"": 64}, ""1"": {""job_request_cores_per_task"": 24, ""job_request_gpus_per_task"": 1, ""job_request_nodes"": 1, ""job_request_ntasks_per_node"": 1, ""job_request_time"": ""30s"", ""match_policy"": ""first"", ""n_jobs"": 20, ""problem_class"": ""A"", ""queue_depth"": 32, ""queue_policy"": ""fcfs"", ""reservation_depth"": 64, ""workload"": ""sleep""}, ""2"": {""job_request_cores_per_task"": 24, ""job_request_gpus_per_task"": 1, ""job_request_nodes"": 1, ""job_request_ntasks_per_node"": 1, ""job_request_time"": ""30s"", ""match_policy"": ""first"", ""n_jobs"": 20, ""problem_class"": ""A"", ""queue_depth"": 32, ""queue_policy"": ""fcfs"", ""reservation_depth"": 64, ""workload"": ""sleep""}}}, ""system"": {""cpu_affinity"": true, ""flux_time_limit"": ""2m"", ""max_cores_per_node"": 96, ""max_gpus_per_node"": 4, ""queue"": ""pbatch"", ""slurm_time_limit"": ""00:02:00"", ""sys_nodes"": 1}}",5,tuolumne/SO_M
9f4836031b,"{""config"": {""instance_level"": {""0"": {""match_policy"": ""first"", ""queue_depth"": 32, ""queue_policy"": ""fcfs"", ""reservation_depth"": 64}, ""1"": {""job_request_cores_per_task"": 24, ""job_request_gpus_per_task"": 1, ""job_request_nodes"": 1, ""job_request_ntasks_per_node"": 1, ""job_request_time"": ""30s"", ""match_policy"": ""first"", ""n_jobs"": 20, ""problem_class"": ""A"", ""queue_depth"": 32, ""queue_policy"": ""fcfs"", ""reservation_depth"": 64, ""workload"": ""sleep""}, ""2"": {""job_request_cores_per_task"": 24, ""job_request_gpus_per_task"": 1, ""job_request_nodes"": 1, ""job_request_ntasks_per_node"": 1, ""job_request_time"": ""30s"", ""match_policy"": ""first"", ""n_jobs"": 20, ""problem_class"": ""A"", ""queue_depth"": 32, ""queue_policy"": ""hybrid"", ""reservation_depth"": 64, ""workload"": ""sleep""}}}, ""system"": {""cpu_affinity"": true, ""flux_time_limit"": ""2m"", ""max_cores_per_node"": 96, ""max_gpus_per_node"": 4, ""queue"": ""pbatch"", ""slurm_time_limit"": ""00:02:00"", ""sys_nodes"": 1}}",1,tuolumne/SO_M
9f4836031b,"{""config"": {""instance_level"": {""0"": {""match_policy"": ""first"", ""queue_depth"": 32, ""queue_policy"": ""fcfs"", ""reservation_depth"": 64}, ""1"": {""job_request_cores_per_task"": 24, ""job_request_gpus_per_task"": 1, ""job_request_nodes"": 1, ""job_request_ntasks_per_node"": 1, ""job_request_time"": ""30s"", ""match_policy"": ""first"", ""n_jobs"": 20, ""problem_class"": ""A"", ""queue_depth"": 32, ""queue_policy"": ""fcfs"", ""reservation_depth"": 64, ""workload"": ""sleep""}, ""2"": {""job_request_cores_per_task"": 24, ""job_request_gpus_per_task"": 1, ""job_request_nodes"": 1, ""job_request_ntasks_per_node"": 1, ""job_request_time"": ""30s"", ""match_policy"": ""first"", ""n_jobs"": 20, ""problem_class"": ""A"", ""queue_depth"": 32, ""queue_policy"": ""hybrid"", ""reservation_depth"": 64, ""workload"": ""sleep""}}}, ""system"": {""cpu_affinity"": true, ""flux_time_limit"": ""2m"", ""max_cores_per_node"": 96, ""max_gpus_per_node"": 4, ""queue"": ""pbatch"", ""slurm_time_limit"": ""00:02:00"", ""sys_nodes"": 1}}",2,tuolumne/SO_M
9f4836031b,"{""config"": {""instance_level"": {""0"": {""match_policy"": ""first"", ""queue_depth"": 32, ""queue_policy"": ""fcfs"", ""reservation_depth"": 64}, ""1"": {""job_request_cores_per_task"": 24, ""job_request_gpus_per_task"": 1, ""job_request_nodes"": 1, ""job_request_ntasks_per_node"": 1, ""job_request_time"": ""30s"", ""match_policy"": ""first"", ""n_jobs"": 20, ""problem_class"": ""A"", ""queue_depth"": 32, ""queue_policy"": ""fcfs"", ""reservation_depth"": 64, ""workload"": ""sleep""}, ""2"": {""job_request_cores_per_task"": 24, ""job_request_gpus_per_task"": 1, ""job_request_nodes"": 1, ""job_request_ntasks_per_node"": 1, ""job_request_time"": ""30s"", ""match_policy"": ""first"", ""n_jobs"": 20, ""problem_class"": ""A"", ""queue_depth"": 32, ""queue_policy"": ""hybrid"", ""reservation_depth"": 64, ""workload"": ""sleep""}}}, ""system"": {""cpu_affinity"": true, ""flux_time_limit"": ""2m"", ""max_cores_per_node"": 96, ""max_gpus_per_node"": 4, ""queue"": ""pbatch"", ""slurm_time_limit"": ""00:02:00"", ""sys_nodes"": 1}}",3,tuolumne/SO_M
9f4836031b,"{""config"": {""instance_level"": {""0"": {""match_policy"": ""first"", ""queue_depth"": 32, ""queue_policy"": ""fcfs"", ""reservation_depth"": 64}, ""1"": {""job_request_cores_per_task"": 24, ""job_request_gpus_per_task"": 1, ""job_request_nodes"": 1, ""job_request_ntasks_per_node"": 1, ""job_request_time"": ""30s"", ""match_policy"": ""first"", ""n_jobs"": 20, ""problem_class"": ""A"", ""queue_depth"": 32, ""queue_policy"": ""fcfs"", ""reservation_depth"": 64, ""workload"": ""sleep""}, ""2"": {""job_request_cores_per_task"": 24, ""job_request_gpus_per_task"": 1, ""job_request_nodes"": 1, ""job_request_ntasks_per_node"": 1, ""job_request_time"": ""30s"", ""match_policy"": ""first"", ""n_jobs"": 20, ""problem_class"": ""A"", ""queue_depth"": 32, ""queue_policy"": ""hybrid"", ""reservation_depth"": 64, ""workload"": ""sleep""}}}, ""system"": {""cpu_affinity"": true, ""flux_time_limit"": ""2m"", ""max_cores_per_node"": 96, ""max_gpus_per_node"": 4, ""queue"": ""pbatch"", ""slurm_time_limit"": ""00:02:00"", ""sys_nodes"": 1}}",4,tuolumne/SO_M
9f4836031b,"{""config"": {""instance_level"": {""0"": {""match_policy"": ""first"", ""queue_depth"": 32, ""queue_policy"": ""fcfs"", ""reservation_depth"": 64}, ""1"": {""job_request_cores_per_task"": 24, ""job_request_gpus_per_task"": 1, ""job_request_nodes"": 1, ""job_request_ntasks_per_node"": 1, ""job_request_time"": ""30s"", ""match_policy"": ""first"", ""n_jobs"": 20, ""problem_class"": ""A"", ""queue_depth"": 32, ""queue_policy"": ""fcfs"", ""reservation_depth"": 64, ""workload"": ""sleep""}, ""2"": {""job_request_cores_per_task"": 24, ""job_request_gpus_per_task"": 1, ""job_request_nodes"": 1, ""job_request_ntasks_per_node"": 1, ""job_request_time"": ""30s"", ""match_policy"": ""first"", ""n_jobs"": 20, ""problem_class"": ""A"", ""queue_depth"": 32, ""queue_policy"": ""hybrid"", ""reservation_depth"": 64, ""workload"": ""sleep""}}}, ""system"": {""cpu_affinity"": true, ""flux_time_limit"": ""2m"", ""max_cores_per_node"": 96, ""max_gpus_per_node"": 4, ""queue"": ""pbatch"", ""slurm_time_limit"": ""00:02:00"", ""sys_nodes"": 1}}",5,tuolumne/SO_M
ba5f44e2c1,"{""config"": {""instance_level"": {""0"": {""match_policy"": ""first"", ""queue_depth"": 32, ""queue_policy"": ""fcfs"", ""reservation_depth"": 64}, ""1"": {""job_request_cores_per_task"": 24, ""job_request_gpus_per_task"": 1, ""job_request_nodes"": 1, ""job_request_ntasks_per_node"": 1, ""job_request_time"": ""30s"", ""match_policy"": ""first"", ""n_jobs"": 20, ""problem_class"": ""A"", ""queue_depth"": 32, ""queue_policy"": ""fcfs"", ""reservation_depth"": 64, ""workload"": ""sleep""}, ""2"": {""job_request_cores_per_task"": 24, ""job_request_gpus_per_task"": 1, ""job_request_nodes"": 1, ""job_request_ntasks_per_node"": 1, ""job_request_time"": ""30s"", ""match_policy"": ""low"", ""n_jobs"": 20, ""problem_class"": ""A"", ""queue_depth"": 32, ""queue_policy"": ""fcfs"", ""reservation_depth"": 64, ""workload"": ""sleep""}}}, ""system"": {""cpu_affinity"": true, ""flux_time_limit"": ""2m"", ""max_cores_per_node"": 96, ""max_gpus_per_node"": 4, ""queue"": ""pbatch"", ""slurm_time_limit"": ""00:02:00"", ""sys_nodes"": 1}}",1,tuolumne/SO_M
ba5f44e2c1,"{""config"": {""instance_level"": {""0"": {""match_policy"": ""first"", ""queue_depth"": 32, ""queue_policy"": ""fcfs"", ""reservation_depth"": 64}, ""1"": {""job_request_cores_per_task"": 24, ""job_request_gpus_per_task"": 1, ""job_request_nodes"": 1, ""job_request_ntasks_per_node"": 1, ""job_request_time"": ""30s"", ""match_policy"": ""first"", ""n_jobs"": 20, ""problem_class"": ""A"", ""queue_depth"": 32, ""queue_policy"": ""fcfs"", ""reservation_depth"": 64, ""workload"": ""sleep""}, ""2"": {""job_request_cores_per_task"": 24, ""job_request_gpus_per_task"": 1, ""job_request_nodes"": 1, ""job_request_ntasks_per_node"": 1, ""job_request_time"": ""30s"", ""match_policy"": ""low"", ""n_jobs"": 20, ""problem_class"": ""A"", ""queue_depth"": 32, ""queue_policy"": ""fcfs"", ""reservation_depth"": 64, ""workload"": ""sleep""}}}, ""system"": {""cpu_affinity"": true, ""flux_time_limit"": ""2m"", ""max_cores_per_node"": 96, ""max_gpus_per_node"": 4, ""queue"": ""pbatch"", ""slurm_time_limit"": ""00:02:00"", ""sys_nodes"": 1}}",2,tuolumne/SO_M
ba5f44e2c1,"{""config"": {""instance_level"": {""0"": {""match_policy"": ""first"", ""queue_depth"": 32, ""queue_policy"": ""fcfs"", ""reservation_depth"": 64}, ""1"": {""job_request_cores_per_task"": 24, ""job_request_gpus_per_task"": 1, ""job_request_nodes"": 1, ""job_request_ntasks_per_node"": 1, ""job_request_time"": ""30s"", ""match_policy"": ""first"", ""n_jobs"": 20, ""problem_class"": ""A"", ""queue_depth"": 32, ""queue_policy"": ""fcfs"", ""reservation_depth"": 64, ""workload"": ""sleep""}, ""2"": {""job_request_cores_per_task"": 24, ""job_request_gpus_per_task"": 1, ""job_request_nodes"": 1, ""job_request_ntasks_per_node"": 1, ""job_request_time"": ""30s"", ""match_policy"": ""low"", ""n_jobs"": 20, ""problem_class"": ""A"", ""queue_depth"": 32, ""queue_policy"": ""fcfs"", ""reservation_depth"": 64, ""workload"": ""sleep""}}}, ""system"": {""cpu_affinity"": true, ""flux_time_limit"": ""2m"", ""max_cores_per_node"": 96, ""max_gpus_per_node"": 4, ""queue"": ""pbatch"", ""slurm_time_limit"": ""00:02:00"", ""sys_nodes"": 1}}",3,tuolumne/SO_M
ba5f44e2c1,"{""config"": {""instance_level"": {""0"": {""match_policy"": ""first"", ""queue_depth"": 32, ""queue_policy"": ""fcfs"", ""reservation_depth"": 64}, ""1"": {""job_request_cores_per_task"": 24, ""job_request_gpus_per_task"": 1, ""job_request_nodes"": 1, ""job_request_ntasks_per_node"": 1, ""job_request_time"": ""30s"", ""match_policy"": ""first"", ""n_jobs"": 20, ""problem_class"": ""A"", ""queue_depth"": 32, ""queue_policy"": ""fcfs"", ""reservation_depth"": 64, ""workload"": ""sleep""}, ""2"": {""job_request_cores_per_task"": 24, ""job_request_gpus_per_task"": 1, ""job_request_nodes"": 1, ""job_request_ntasks_per_node"": 1, ""job_request_time"": ""30s"", ""match_policy"": ""low"", ""n_jobs"": 20, ""problem_class"": ""A"", ""queue_depth"": 32, ""queue_policy"": ""fcfs"", ""reservation_depth"": 64, ""workload"": ""sleep""}}}, ""system"": {""cpu_affinity"": true, ""flux_time_limit"": ""2m"", ""max_cores_per_node"": 96, ""max_gpus_per_node"": 4, ""queue"": ""pbatch"", ""slurm_time_limit"": ""00:02:00"", ""sys_nodes"": 1}}",4,tuolumne/SO_M
ba5f44e2c1,"{""config"": {""instance_level"": {""0"": {""match_policy"": ""first"", ""queue_depth"": 32, ""queue_policy"": ""fcfs"", ""reservation_depth"": 64}, ""1"": {""job_request_cores_per_task"": 24, ""job_request_gpus_per_task"": 1, ""job_request_nodes"": 1, ""job_request_ntasks_per_node"": 1, ""job_request_time"": ""30s"", ""match_policy"": ""first"", ""n_jobs"": 20, ""problem_class"": ""A"", ""queue_depth"": 32, ""queue_policy"": ""fcfs"", ""reservation_depth"": 64, ""workload"": ""sleep""}, ""2"": {""job_request_cores_per_task"": 24, ""job_request_gpus_per_task"": 1, ""job_request_nodes"": 1, ""job_request_ntasks_per_node"": 1, ""job_request_time"": ""30s"", ""match_policy"": ""low"", ""n_jobs"": 20, ""problem_class"": ""A"", ""queue_depth"": 32, ""queue_policy"": ""fcfs"", ""reservation_depth"": 64, ""workload"": ""sleep""}}}, ""system"": {""cpu_affinity"": true, ""flux_time_limit"": ""2m"", ""max_cores_per_node"": 96, ""max_gpus_per_node"": 4, ""queue"": ""pbatch"", ""slurm_time_limit"": ""00:02:00"", ""sys_nodes"": 1}}",5,tuolumne/SO_M
5da41fbc28,"{""config"": {""instance_level"": {""0"": {""match_policy"": ""first"", ""queue_depth"": 32, ""queue_policy"": ""fcfs"", ""reservation_depth"": 64}, ""1"": {""job_request_cores_per_task"": 24, ""job_request_gpus_per_task"": 1, ""job_request_nodes"": 1, ""job_request_ntasks_per_node"": 1, ""job_request_time"": ""30s"", ""match_policy"": ""first"", ""n_jobs"": 20, ""problem_class"": ""A"", ""queue_depth"": 32, ""queue_policy"": ""fcfs"", ""reservation_depth"": 64, ""workload"": ""sleep""}, ""2"": {""job_request_cores_per_task"": 24, ""job_request_gpus_per_task"": 1, ""job_request_nodes"": 1, ""job_request_ntasks_per_node"": 1, ""job_request_time"": ""30s"", ""match_policy"": ""low"", ""n_jobs"": 20, ""problem_class"": ""A"", ""queue_depth"": 32, ""queue_policy"": ""hybrid"", ""reservation_depth"": 64, ""workload"": ""sleep""}}}, ""system"": {""cpu_affinity"": true, ""flux_time_limit"": ""2m"", ""max_cores_per_node"": 96, ""max_gpus_per_node"": 4, ""queue"": ""pbatch"", ""slurm_time_limit"": ""00:02:00"", ""sys_nodes"": 1}}",1,tuolumne/SO_M
5da41fbc28,"{""config"": {""instance_level"": {""0"": {""match_policy"": ""first"", ""queue_depth"": 32, ""queue_policy"": ""fcfs"", ""reservation_depth"": 64}, ""1"": {""job_request_cores_per_task"": 24, ""job_request_gpus_per_task"": 1, ""job_request_nodes"": 1, ""job_request_ntasks_per_node"": 1, ""job_request_time"": ""30s"", ""match_policy"": ""first"", ""n_jobs"": 20, ""problem_class"": ""A"", ""queue_depth"": 32, ""queue_policy"": ""fcfs"", ""reservation_depth"": 64, ""workload"": ""sleep""}, ""2"": {""job_request_cores_per_task"": 24, ""job_request_gpus_per_task"": 1, ""job_request_nodes"": 1, ""job_request_ntasks_per_node"": 1, ""job_request_time"": ""30s"", ""match_policy"": ""low"", ""n_jobs"": 20, ""problem_class"": ""A"", ""queue_depth"": 32, ""queue_policy"": ""hybrid"", ""reservation_depth"": 64, ""workload"": ""sleep""}}}, ""system"": {""cpu_affinity"": true, ""flux_time_limit"": ""2m"", ""max_cores_per_node"": 96, ""max_gpus_per_node"": 4, ""queue"": ""pbatch"", ""slurm_time_limit"": ""00:02:00"", ""sys_nodes"": 1}}",2,tuolumne/SO_M
5da41fbc28,"{""config"": {""instance_level"": {""0"": {""match_policy"": ""first"", ""queue_depth"": 32, ""queue_policy"": ""fcfs"", ""reservation_depth"": 64}, ""1"": {""job_request_cores_per_task"": 24, ""job_request_gpus_per_task"": 1, ""job_request_nodes"": 1, ""job_request_ntasks_per_node"": 1, ""job_request_time"": ""30s"", ""match_policy"": ""first"", ""n_jobs"": 20, ""problem_class"": ""A"", ""queue_depth"": 32, ""queue_policy"": ""fcfs"", ""reservation_depth"": 64, ""workload"": ""sleep""}, ""2"": {""job_request_cores_per_task"": 24, ""job_request_gpus_per_task"": 1, ""job_request_nodes"": 1, ""job_request_ntasks_per_node"": 1, ""job_request_time"": ""30s"", ""match_policy"": ""low"", ""n_jobs"": 20, ""problem_class"": ""A"", ""queue_depth"": 32, ""queue_policy"": ""hybrid"", ""reservation_depth"": 64, ""workload"": ""sleep""}}}, ""system"": {""cpu_affinity"": true, ""flux_time_limit"": ""2m"", ""max_cores_per_node"": 96, ""max_gpus_per_node"": 4, ""queue"": ""pbatch"", ""slurm_time_limit"": ""00:02:00"", ""sys_nodes"": 1}}",3,tuolumne/SO_M
5da41fbc28,"{""config"": {""instance_level"": {""0"": {""match_policy"": ""first"", ""queue_depth"": 32, ""queue_policy"": ""fcfs"", ""reservation_depth"": 64}, ""1"": {""job_request_cores_per_task"": 24, ""job_request_gpus_per_task"": 1, ""job_request_nodes"": 1, ""job_request_ntasks_per_node"": 1, ""job_request_time"": ""30s"", ""match_policy"": ""first"", ""n_jobs"": 20, ""problem_class"": ""A"", ""queue_depth"": 32, ""queue_policy"": ""fcfs"", ""reservation_depth"": 64, ""workload"": ""sleep""}, ""2"": {""job_request_cores_per_task"": 24, ""job_request_gpus_per_task"": 1, ""job_request_nodes"": 1, ""job_request_ntasks_per_node"": 1, ""job_request_time"": ""30s"", ""match_policy"": ""low"", ""n_jobs"": 20, ""problem_class"": ""A"", ""queue_depth"": 32, ""queue_policy"": ""hybrid"", ""reservation_depth"": 64, ""workload"": ""sleep""}}}, ""system"": {""cpu_affinity"": true, ""flux_time_limit"": ""2m"", ""max_cores_per_node"": 96, ""max_gpus_per_node"": 4, ""queue"": ""pbatch"", ""slurm_time_limit"": ""00:02:00"", ""sys_nodes"": 1}}",4,tuolumne/SO_M
5da41fbc28,"{""config"": {""instance_level"": {""0"": {""match_policy"": ""first"", ""queue_depth"": 32, ""queue_policy"": ""fcfs"", ""reservation_depth"": 64}, ""1"": {""job_request_cores_per_task"": 24, ""job_request_gpus_per_task"": 1, ""job_request_nodes"": 1, ""job_request_ntasks_per_node"": 1, ""job_request_time"": ""30s"", ""match_policy"": ""first"", ""n_jobs"": 20, ""problem_class"": ""A"", ""queue_depth"": 32, ""queue_policy"": ""fcfs"", ""reservation_depth"": 64, ""workload"": ""sleep""}, ""2"": {""job_request_cores_per_task"": 24, ""job_request_gpus_per_task"": 1, ""job_request_nodes"": 1, ""job_request_ntasks_per_node"": 1, ""job_request_time"": ""30s"", ""match_policy"": ""low"", ""n_jobs"": 20, ""problem_class"": ""A"", ""queue_depth"": 32, ""queue_policy"": ""hybrid"", ""reservation_depth"": 64, ""workload"": ""sleep""}}}, ""system"": {""cpu_affinity"": true, ""flux_time_limit"": ""2m"", ""max_cores_per_node"": 96, ""max_gpus_per_node"": 4, ""queue"": ""pbatch"", ""slurm_time_limit"": ""00:02:00"", ""sys_nodes"": 1}}",5,tuolumne/SO_M
78a9fb4b9c,"{""config"": {""instance_level"": {""0"": {""match_policy"": ""first"", ""queue_depth"": 32, ""queue_policy"": ""fcfs"", ""reservation_depth"": 64}, ""1"": {""job_request_cores_per_task"": 24, ""job_request_gpus_per_task"": 1, ""job_request_nodes"": 1, ""job_request_ntasks_per_node"": 1, ""job_request_time"": ""30s"", ""match_policy"": ""first"", ""n_jobs"": 20, ""problem_class"": ""A"", ""queue_depth"": 32, ""queue_policy"": ""hybrid"", ""reservation_depth"": 64, ""workload"": ""sleep""}, ""2"": {""job_request_cores_per_task"": 24, ""job_request_gpus_per_task"": 1, ""job_request_nodes"": 1, ""job_request_ntasks_per_node"": 1, ""job_request_time"": ""30s"", ""match_policy"": ""first"", ""n_jobs"": 20, ""problem_class"": ""A"", ""queue_depth"": 32, ""queue_policy"": ""fcfs"", ""reservation_depth"": 64, ""workload"": ""sleep""}}}, ""system"": {""cpu_affinity"": true, ""flux_time_limit"": ""2m"", ""max_cores_per_node"": 96, ""max_gpus_per_node"": 4, ""queue"": ""pbatch"", ""slurm_time_limit"": ""00:02:00"", ""sys_nodes"": 1}}",1,tuolumne/SO_M
78a9fb4b9c,"{""config"": {""instance_level"": {""0"": {""match_policy"": ""first"", ""queue_depth"": 32, ""queue_policy"": ""fcfs"", ""reservation_depth"": 64}, ""1"": {""job_request_cores_per_task"": 24, ""job_request_gpus_per_task"": 1, ""job_request_nodes"": 1, ""job_request_ntasks_per_node"": 1, ""job_request_time"": ""30s"", ""match_policy"": ""first"", ""n_jobs"": 20, ""problem_class"": ""A"", ""queue_depth"": 32, ""queue_policy"": ""hybrid"", ""reservation_depth"": 64, ""workload"": ""sleep""}, ""2"": {""job_request_cores_per_task"": 24, ""job_request_gpus_per_task"": 1, ""job_request_nodes"": 1, ""job_request_ntasks_per_node"": 1, ""job_request_time"": ""30s"", ""match_policy"": ""first"", ""n_jobs"": 20, ""problem_class"": ""A"", ""queue_depth"": 32, ""queue_policy"": ""fcfs"", ""reservation_depth"": 64, ""workload"": ""sleep""}}}, ""system"": {""cpu_affinity"": true, ""flux_time_limit"": ""2m"", ""max_cores_per_node"": 96, ""max_gpus_per_node"": 4, ""queue"": ""pbatch"", ""slurm_time_limit"": ""00:02:00"", ""sys_nodes"": 1}}",2,tuolumne/SO_M
78a9fb4b9c,"{""config"": {""instance_level"": {""0"": {""match_policy"": ""first"", ""queue_depth"": 32, ""queue_policy"": ""fcfs"", ""reservation_depth"": 64}, ""1"": {""job_request_cores_per_task"": 24, ""job_request_gpus_per_task"": 1, ""job_request_nodes"": 1, ""job_request_ntasks_per_node"": 1, ""job_request_time"": ""30s"", ""match_policy"": ""first"", ""n_jobs"": 20, ""problem_class"": ""A"", ""queue_depth"": 32, ""queue_policy"": ""hybrid"", ""reservation_depth"": 64, ""workload"": ""sleep""}, ""2"": {""job_request_cores_per_task"": 24, ""job_request_gpus_per_task"": 1, ""job_request_nodes"": 1, ""job_request_ntasks_per_node"": 1, ""job_request_time"": ""30s"", ""match_policy"": ""first"", ""n_jobs"": 20, ""problem_class"": ""A"", ""queue_depth"": 32, ""queue_policy"": ""fcfs"", ""reservation_depth"": 64, ""workload"": ""sleep""}}}, ""system"": {""cpu_affinity"": true, ""flux_time_limit"": ""2m"", ""max_cores_per_node"": 96, ""max_gpus_per_node"": 4, ""queue"": ""pbatch"", ""slurm_time_limit"": ""00:02:00"", ""sys_nodes"": 1}}",3,tuolumne/SO_M
78a9fb4b9c,"{""config"": {""instance_level"": {""0"": {""match_policy"": ""first"", ""queue_depth"": 32, ""queue_policy"": ""fcfs"", ""reservation_depth"": 64}, ""1"": {""job_request_cores_per_task"": 24, ""job_request_gpus_per_task"": 1, ""job_request_nodes"": 1, ""job_request_ntasks_per_node"": 1, ""job_request_time"": ""30s"", ""match_policy"": ""first"", ""n_jobs"": 20, ""problem_class"": ""A"", ""queue_depth"": 32, ""queue_policy"": ""hybrid"", ""reservation_depth"": 64, ""workload"": ""sleep""}, ""2"": {""job_request_cores_per_task"": 24, ""job_request_gpus_per_task"": 1, ""job_request_nodes"": 1, ""job_request_ntasks_per_node"": 1, ""job_request_time"": ""30s"", ""match_policy"": ""first"", ""n_jobs"": 20, ""problem_class"": ""A"", ""queue_depth"": 32, ""queue_policy"": ""fcfs"", ""reservation_depth"": 64, ""workload"": ""sleep""}}}, ""system"": {""cpu_affinity"": true, ""flux_time_limit"": ""2m"", ""max_cores_per_node"": 96, ""max_gpus_per_node"": 4, ""queue"": ""pbatch"", ""slurm_time_limit"": ""00:02:00"", ""sys_nodes"": 1}}",4,tuolumne/SO_M
78a9fb4b9c,"{""config"": {""instance_level"": {""0"": {""match_policy"": ""first"", ""queue_depth"": 32, ""queue_policy"": ""fcfs"", ""reservation_depth"": 64}, ""1"": {""job_request_cores_per_task"": 24, ""job_request_gpus_per_task"": 1, ""job_request_nodes"": 1, ""job_request_ntasks_per_node"": 1, ""job_request_time"": ""30s"", ""match_policy"": ""first"", ""n_jobs"": 20, ""problem_class"": ""A"", ""queue_depth"": 32, ""queue_policy"": ""hybrid"", ""reservation_depth"": 64, ""workload"": ""sleep""}, ""2"": {""job_request_cores_per_task"": 24, ""job_request_gpus_per_task"": 1, ""job_request_nodes"": 1, ""job_request_ntasks_per_node"": 1, ""job_request_time"": ""30s"", ""match_policy"": ""first"", ""n_jobs"": 20, ""problem_class"": ""A"", ""queue_depth"": 32, ""queue_policy"": ""fcfs"", ""reservation_depth"": 64, ""workload"": ""sleep""}}}, ""system"": {""cpu_affinity"": true, ""flux_time_limit"": ""2m"", ""max_cores_per_node"": 96, ""max_gpus_per_node"": 4, ""queue"": ""pbatch"", ""slurm_time_limit"": ""00:02:00"", ""sys_nodes"": 1}}",5,tuolumne/SO_M
bd03ebdeb4,"{""config"": {""instance_level"": {""0"": {""match_policy"": ""first"", ""queue_depth"": 32, ""queue_policy"": ""fcfs"", ""reservation_depth"": 64}, ""1"": {""job_request_cores_per_task"": 24, ""job_request_gpus_per_task"": 1, ""job_request_nodes"": 1, ""job_request_ntasks_per_node"": 1, ""job_request_time"": ""30s"", ""match_policy"": ""first"", ""n_jobs"": 20, ""problem_class"": ""A"", ""queue_depth"": 32, ""queue_policy"": ""hybrid"", ""reservation_depth"": 64, ""workload"": ""sleep""}, ""2"": {""job_request_cores_per_task"": 24, ""job_request_gpus_per_task"": 1, ""job_request_nodes"": 1, ""job_request_ntasks_per_node"": 1, ""job_request_time"": ""30s"", ""match_policy"": ""first"", ""n_jobs"": 20, ""problem_class"": ""A"", ""queue_depth"": 32, ""queue_policy"": ""hybrid"", ""reservation_depth"": 64, ""workload"": ""sleep""}}}, ""system"": {""cpu_affinity"": true, ""flux_time_limit"": ""2m"", ""max_cores_per_node"": 96, ""max_gpus_per_node"": 4, ""queue"": ""pbatch"", ""slurm_time_limit"": ""00:02:00"", ""sys_nodes"": 1}}",1,tuolumne/SO_M
bd03ebdeb4,"{""config"": {""instance_level"": {""0"": {""match_policy"": ""first"", ""queue_depth"": 32, ""queue_policy"": ""fcfs"", ""reservation_depth"": 64}, ""1"": {""job_request_cores_per_task"": 24, ""job_request_gpus_per_task"": 1, ""job_request_nodes"": 1, ""job_request_ntasks_per_node"": 1, ""job_request_time"": ""30s"", ""match_policy"": ""first"", ""n_jobs"": 20, ""problem_class"": ""A"", ""queue_depth"": 32, ""queue_policy"": ""hybrid"", ""reservation_depth"": 64, ""workload"": ""sleep""}, ""2"": {""job_request_cores_per_task"": 24, ""job_request_gpus_per_task"": 1, ""job_request_nodes"": 1, ""job_request_ntasks_per_node"": 1, ""job_request_time"": ""30s"", ""match_policy"": ""first"", ""n_jobs"": 20, ""problem_class"": ""A"", ""queue_depth"": 32, ""queue_policy"": ""hybrid"", ""reservation_depth"": 64, ""workload"": ""sleep""}}}, ""system"": {""cpu_affinity"": true, ""flux_time_limit"": ""2m"", ""max_cores_per_node"": 96, ""max_gpus_per_node"": 4, ""queue"": ""pbatch"", ""slurm_time_limit"": ""00:02:00"", ""sys_nodes"": 1}}",2,tuolumne/SO_M
bd03ebdeb4,"{""config"": {""instance_level"": {""0"": {""match_policy"": ""first"", ""queue_depth"": 32, ""queue_policy"": ""fcfs"", ""reservation_depth"": 64}, ""1"": {""job_request_cores_per_task"": 24, ""job_request_gpus_per_task"": 1, ""job_request_nodes"": 1, ""job_request_ntasks_per_node"": 1, ""job_request_time"": ""30s"", ""match_policy"": ""first"", ""n_jobs"": 20, ""problem_class"": ""A"", ""queue_depth"": 32, ""queue_policy"": ""hybrid"", ""reservation_depth"": 64, ""workload"": ""sleep""}, ""2"": {""job_request_cores_per_task"": 24, ""job_request_gpus_per_task"": 1, ""job_request_nodes"": 1, ""job_request_ntasks_per_node"": 1, ""job_request_time"": ""30s"", ""match_policy"": ""first"", ""n_jobs"": 20, ""problem_class"": ""A"", ""queue_depth"": 32, ""queue_policy"": ""hybrid"", ""reservation_depth"": 64, ""workload"": ""sleep""}}}, ""system"": {""cpu_affinity"": true, ""flux_time_limit"": ""2m"", ""max_cores_per_node"": 96, ""max_gpus_per_node"": 4, ""queue"": ""pbatch"", ""slurm_time_limit"": ""00:02:00"", ""sys_nodes"": 1}}",3,tuolumne/SO_M
bd03ebdeb4,"{""config"": {""instance_level"": {""0"": {""match_policy"": ""first"", ""queue_depth"": 32, ""queue_policy"": ""fcfs"", ""reservation_depth"": 64}, ""1"": {""job_request_cores_per_task"": 24, ""job_request_gpus_per_task"": 1, ""job_request_nodes"": 1, ""job_request_ntasks_per_node"": 1, ""job_request_time"": ""30s"", ""match_policy"": ""first"", ""n_jobs"": 20, ""problem_class"": ""A"", ""queue_depth"": 32, ""queue_policy"": ""hybrid"", ""reservation_depth"": 64, ""workload"": ""sleep""}, ""2"": {""job_request_cores_per_task"": 24, ""job_request_gpus_per_task"": 1, ""job_request_nodes"": 1, ""job_request_ntasks_per_node"": 1, ""job_request_time"": ""30s"", ""match_policy"": ""first"", ""n_jobs"": 20, ""problem_class"": ""A"", ""queue_depth"": 32, ""queue_policy"": ""hybrid"", ""reservation_depth"": 64, ""workload"": ""sleep""}}}, ""system"": {""cpu_affinity"": true, ""flux_time_limit"": ""2m"", ""max_cores_per_node"": 96, ""max_gpus_per_node"": 4, ""queue"": ""pbatch"", ""slurm_time_limit"": ""00:02:00"", ""sys_nodes"": 1}}",4,tuolumne/SO_M
bd03ebdeb4,"{""config"": {""instance_level"": {""0"": {""match_policy"": ""first"", ""queue_depth"": 32, ""queue_policy"": ""fcfs"", ""reservation_depth"": 64}, ""1"": {""job_request_cores_per_task"": 24, ""job_request_gpus_per_task"": 1, ""job_request_nodes"": 1, ""job_request_ntasks_per_node"": 1, ""job_request_time"": ""30s"", ""match_policy"": ""first"", ""n_jobs"": 20, ""problem_class"": ""A"", ""queue_depth"": 32, ""queue_policy"": ""hybrid"", ""reservation_depth"": 64, ""workload"": ""sleep""}, ""2"": {""job_request_cores_per_task"": 24, ""job_request_gpus_per_task"": 1, ""job_request_nodes"": 1, ""job_request_ntasks_per_node"": 1, ""job_request_time"": ""30s"", ""match_policy"": ""first"", ""n_jobs"": 20, ""problem_class"": ""A"", ""queue_depth"": 32, ""queue_policy"": ""hybrid"", ""reservation_depth"": 64, ""workload"": ""sleep""}}}, ""system"": {""cpu_affinity"": true, ""flux_time_limit"": ""2m"", ""max_cores_per_node"": 96, ""max_gpus_per_node"": 4, ""queue"": ""pbatch"", ""slurm_time_limit"": ""00:02:00"", ""sys_nodes"": 1}}",5,tuolumne/SO_M
9b6bdfded8,"{""config"": {""instance_level"": {""0"": {""match_policy"": ""first"", ""queue_depth"": 32, ""queue_policy"": ""fcfs"", ""reservation_depth"": 64}, ""1"": {""job_request_cores_per_task"": 24, ""job_request_gpus_per_task"": 1, ""job_request_nodes"": 1, ""job_request_ntasks_per_node"": 1, ""job_request_time"": ""30s"", ""match_policy"": ""first"", ""n_jobs"": 20, ""problem_class"": ""A"", ""queue_depth"": 32, ""queue_policy"": ""hybrid"", ""reservation_depth"": 64, ""workload"": ""sleep""}, ""2"": {""job_request_cores_per_task"": 24, ""job_request_gpus_per_task"": 1, ""job_request_nodes"": 1, ""job_request_ntasks_per_node"": 1, ""job_request_time"": ""30s"", ""match_policy"": ""low"", ""n_jobs"": 20, ""problem_class"": ""A"", ""queue_depth"": 32, ""queue_policy"": ""fcfs"", ""reservation_depth"": 64, ""workload"": ""sleep""}}}, ""system"": {""cpu_affinity"": true, ""flux_time_limit"": ""2m"", ""max_cores_per_node"": 96, ""max_gpus_per_node"": 4, ""queue"": ""pbatch"", ""slurm_time_limit"": ""00:02:00"", ""sys_nodes"": 1}}",1,tuolumne/SO_M
9b6bdfded8,"{""config"": {""instance_level"": {""0"": {""match_policy"": ""first"", ""queue_depth"": 32, ""queue_policy"": ""fcfs"", ""reservation_depth"": 64}, ""1"": {""job_request_cores_per_task"": 24, ""job_request_gpus_per_task"": 1, ""job_request_nodes"": 1, ""job_request_ntasks_per_node"": 1, ""job_request_time"": ""30s"", ""match_policy"": ""first"", ""n_jobs"": 20, ""problem_class"": ""A"", ""queue_depth"": 32, ""queue_policy"": ""hybrid"", ""reservation_depth"": 64, ""workload"": ""sleep""}, ""2"": {""job_request_cores_per_task"": 24, ""job_request_gpus_per_task"": 1, ""job_request_nodes"": 1, ""job_request_ntasks_per_node"": 1, ""job_request_time"": ""30s"", ""match_policy"": ""low"", ""n_jobs"": 20, ""problem_class"": ""A"", ""queue_depth"": 32, ""queue_policy"": ""fcfs"", ""reservation_depth"": 64, ""workload"": ""sleep""}}}, ""system"": {""cpu_affinity"": true, ""flux_time_limit"": ""2m"", ""max_cores_per_node"": 96, ""max_gpus_per_node"": 4, ""queue"": ""pbatch"", ""slurm_time_limit"": ""00:02:00"", ""sys_nodes"": 1}}",2,tuolumne/SO_M
9b6bdfded8,"{""config"": {""instance_level"": {""0"": {""match_policy"": ""first"", ""queue_depth"": 32, ""queue_policy"": ""fcfs"", ""reservation_depth"": 64}, ""1"": {""job_request_cores_per_task"": 24, ""job_request_gpus_per_task"": 1, ""job_request_nodes"": 1, ""job_request_ntasks_per_node"": 1, ""job_request_time"": ""30s"", ""match_policy"": ""first"", ""n_jobs"": 20, ""problem_class"": ""A"", ""queue_depth"": 32, ""queue_policy"": ""hybrid"", ""reservation_depth"": 64, ""workload"": ""sleep""}, ""2"": {""job_request_cores_per_task"": 24, ""job_request_gpus_per_task"": 1, ""job_request_nodes"": 1, ""job_request_ntasks_per_node"": 1, ""job_request_time"": ""30s"", ""match_policy"": ""low"", ""n_jobs"": 20, ""problem_class"": ""A"", ""queue_depth"": 32, ""queue_policy"": ""fcfs"", ""reservation_depth"": 64, ""workload"": ""sleep""}}}, ""system"": {""cpu_affinity"": true, ""flux_time_limit"": ""2m"", ""max_cores_per_node"": 96, ""max_gpus_per_node"": 4, ""queue"": ""pbatch"", ""slurm_time_limit"": ""00:02:00"", ""sys_nodes"": 1}}",3,tuolumne/SO_M
9b6bdfded8,"{""config"": {""instance_level"": {""0"": {""match_policy"": ""first"", ""queue_depth"": 32, ""queue_policy"": ""fcfs"", ""reservation_depth"": 64}, ""1"": {""job_request_cores_per_task"": 24, ""job_request_gpus_per_task"": 1, ""job_request_nodes"": 1, ""job_request_ntasks_per_node"": 1, ""job_request_time"": ""30s"", ""match_policy"": ""first"", ""n_jobs"": 20, ""problem_class"": ""A"", ""queue_depth"": 32, ""queue_policy"": ""hybrid"", ""reservation_depth"": 64, ""workload"": ""sleep""}, ""2"": {""job_request_cores_per_task"": 24, ""job_request_gpus_per_task"": 1, ""job_request_nodes"": 1, ""job_request_ntasks_per_node"": 1, ""job_request_time"": ""30s"", ""match_policy"": ""low"", ""n_jobs"": 20, ""problem_class"": ""A"", ""queue_depth"": 32, ""queue_policy"": ""fcfs"", ""reservation_depth"": 64, ""workload"": ""sleep""}}}, ""system"": {""cpu_affinity"": true, ""flux_time_limit"": ""2m"", ""max_cores_per_node"": 96, ""max_gpus_per_node"": 4, ""queue"": ""pbatch"", ""slurm_time_limit"": ""00:02:00"", ""sys_nodes"": 1}}",4,tuolumne/SO_M
9b6bdfded8,"{""config"": {""instance_level"": {""0"": {""match_policy"": ""first"", ""queue_depth"": 32, ""queue_policy"": ""fcfs"", ""reservation_depth"": 64}, ""1"": {""job_request_cores_per_task"": 24, ""job_request_gpus_per_task"": 1, ""job_request_nodes"": 1, ""job_request_ntasks_per_node"": 1, ""job_request_time"": ""30s"", ""match_policy"": ""first"", ""n_jobs"": 20, ""problem_class"": ""A"", ""queue_depth"": 32, ""queue_policy"": ""hybrid"", ""reservation_depth"": 64, ""workload"": ""sleep""}, ""2"": {""job_request_cores_per_task"": 24, ""job_request_gpus_per_task"": 1, ""job_request_nodes"": 1, ""job_request_ntasks_per_node"": 1, ""job_request_time"": ""30s"", ""match_policy"": ""low"", ""n_jobs"": 20, ""problem_class"": ""A"", ""queue_depth"": 32, ""queue_policy"": ""fcfs"", ""reservation_depth"": 64, ""workload"": ""sleep""}}}, ""system"": {""cpu_affinity"": true, ""flux_time_limit"": ""2m"", ""max_cores_per_node"": 96, ""max_gpus_per_node"": 4, ""queue"": ""pbatch"", ""slurm_time_limit"": ""00:02:00"", ""sys_nodes"": 1}}",5,tuolumne/SO_M
ca580ce336,"{""config"": {""instance_level"": {""0"": {""match_policy"": ""first"", ""queue_depth"": 32, ""queue_policy"": ""fcfs"", ""reservation_depth"": 64}, ""1"": {""job_request_cores_per_task"": 24, ""job_request_gpus_per_task"": 1, ""job_request_nodes"": 1, ""job_request_ntasks_per_node"": 1, ""job_request_time"": ""30s"", ""match_policy"": ""first"", ""n_jobs"": 20, ""problem_class"": ""A"", ""queue_depth"": 32, ""queue_policy"": ""hybrid"", ""reservation_depth"": 64, ""workload"": ""sleep""}, ""2"": {""job_request_cores_per_task"": 24, ""job_request_gpus_per_task"": 1, ""job_request_nodes"": 1, ""job_request_ntasks_per_node"": 1, ""job_request_time"": ""30s"", ""match_policy"": ""low"", ""n_jobs"": 20, ""problem_class"": ""A"", ""queue_depth"": 32, ""queue_policy"": ""hybrid"", ""reservation_depth"": 64, ""workload"": ""sleep""}}}, ""system"": {""cpu_affinity"": true, ""flux_time_limit"": ""2m"", ""max_cores_per_node"": 96, ""max_gpus_per_node"": 4, ""queue"": ""pbatch"", ""slurm_time_limit"": ""00:02:00"", ""sys_nodes"": 1}}",1,tuolumne/SO_M
ca580ce336,"{""config"": {""instance_level"": {""0"": {""match_policy"": ""first"", ""queue_depth"": 32, ""queue_policy"": ""fcfs"", ""reservation_depth"": 64}, ""1"": {""job_request_cores_per_task"": 24, ""job_request_gpus_per_task"": 1, ""job_request_nodes"": 1, ""job_request_ntasks_per_node"": 1, ""job_request_time"": ""30s"", ""match_policy"": ""first"", ""n_jobs"": 20, ""problem_class"": ""A"", ""queue_depth"": 32, ""queue_policy"": ""hybrid"", ""reservation_depth"": 64, ""workload"": ""sleep""}, ""2"": {""job_request_cores_per_task"": 24, ""job_request_gpus_per_task"": 1, ""job_request_nodes"": 1, ""job_request_ntasks_per_node"": 1, ""job_request_time"": ""30s"", ""match_policy"": ""low"", ""n_jobs"": 20, ""problem_class"": ""A"", ""queue_depth"": 32, ""queue_policy"": ""hybrid"", ""reservation_depth"": 64, ""workload"": ""sleep""}}}, ""system"": {""cpu_affinity"": true, ""flux_time_limit"": ""2m"", ""max_cores_per_node"": 96, ""max_gpus_per_node"": 4, ""queue"": ""pbatch"", ""slurm_time_limit"": ""00:02:00"", ""sys_nodes"": 1}}",2,tuolumne/SO_M
ca580ce336,"{""config"": {""instance_level"": {""0"": {""match_policy"": ""first"", ""queue_depth"": 32, ""queue_policy"": ""fcfs"", ""reservation_depth"": 64}, ""1"": {""job_request_cores_per_task"": 24, ""job_request_gpus_per_task"": 1, ""job_request_nodes"": 1, ""job_request_ntasks_per_node"": 1, ""job_request_time"": ""30s"", ""match_policy"": ""first"", ""n_jobs"": 20, ""problem_class"": ""A"", ""queue_depth"": 32, ""queue_policy"": ""hybrid"", ""reservation_depth"": 64, ""workload"": ""sleep""}, ""2"": {""job_request_cores_per_task"": 24, ""job_request_gpus_per_task"": 1, ""job_request_nodes"": 1, ""job_request_ntasks_per_node"": 1, ""job_request_time"": ""30s"", ""match_policy"": ""low"", ""n_jobs"": 20, ""problem_class"": ""A"", ""queue_depth"": 32, ""queue_policy"": ""hybrid"", ""reservation_depth"": 64, ""workload"": ""sleep""}}}, ""system"": {""cpu_affinity"": true, ""flux_time_limit"": ""2m"", ""max_cores_per_node"": 96, ""max_gpus_per_node"": 4, ""queue"": ""pbatch"", ""slurm_time_limit"": ""00:02:00"", ""sys_nodes"": 1}}",3,tuolumne/SO_M
ca580ce336,"{""config"": {""instance_level"": {""0"": {""match_policy"": ""first"", ""queue_depth"": 32, ""queue_policy"": ""fcfs"", ""reservation_depth"": 64}, ""1"": {""job_request_cores_per_task"": 24, ""job_request_gpus_per_task"": 1, ""job_request_nodes"": 1, ""job_request_ntasks_per_node"": 1, ""job_request_time"": ""30s"", ""match_policy"": ""first"", ""n_jobs"": 20, ""problem_class"": ""A"", ""queue_depth"": 32, ""queue_policy"": ""hybrid"", ""reservation_depth"": 64, ""workload"": ""sleep""}, ""2"": {""job_request_cores_per_task"": 24, ""job_request_gpus_per_task"": 1, ""job_request_nodes"": 1, ""job_request_ntasks_per_node"": 1, ""job_request_time"": ""30s"", ""match_policy"": ""low"", ""n_jobs"": 20, ""problem_class"": ""A"", ""queue_depth"": 32, ""queue_policy"": ""hybrid"", ""reservation_depth"": 64, ""workload"": ""sleep""}}}, ""system"": {""cpu_affinity"": true, ""flux_time_limit"": ""2m"", ""max_cores_per_node"": 96, ""max_gpus_per_node"": 4, ""queue"": ""pbatch"", ""slurm_time_limit"": ""00:02:00"", ""sys_nodes"": 1}}",4,tuolumne/SO_M
ca580ce336,"{""config"": {""instance_level"": {""0"": {""match_policy"": ""first"", ""queue_depth"": 32, ""queue_policy"": ""fcfs"", ""reservation_depth"": 64}, ""1"": {""job_request_cores_per_task"": 24, ""job_request_gpus_per_task"": 1, ""job_request_nodes"": 1, ""job_request_ntasks_per_node"": 1, ""job_request_time"": ""30s"", ""match_policy"": ""first"", ""n_jobs"": 20, ""problem_class"": ""A"", ""queue_depth"": 32, ""queue_policy"": ""hybrid"", ""reservation_depth"": 64, ""workload"": ""sleep""}, ""2"": {""job_request_cores_per_task"": 24, ""job_request_gpus_per_task"": 1, ""job_request_nodes"": 1, ""job_request_ntasks_per_node"": 1, ""job_request_time"": ""30s"", ""match_policy"": ""low"", ""n_jobs"": 20, ""problem_class"": ""A"", ""queue_depth"": 32, ""queue_policy"": ""hybrid"", ""reservation_depth"": 64, ""workload"": ""sleep""}}}, ""system"": {""cpu_affinity"": true, ""flux_time_limit"": ""2m"", ""max_cores_per_node"": 96, ""max_gpus_per_node"": 4, ""queue"": ""pbatch"", ""slurm_time_limit"": ""00:02:00"", ""sys_nodes"": 1}}",5,tuolumne/SO_M
c0f6220376,"{""config"": {""instance_level"": {""0"": {""match_policy"": ""first"", ""queue_depth"": 32, ""queue_policy"": ""fcfs"", ""reservation_depth"": 64}, ""1"": {""job_request_cores_per_task"": 24, ""job_request_gpus_per_task"": 1, ""job_request_nodes"": 1, ""job_request_ntasks_per_node"": 1, ""job_request_time"": ""30s"", ""match_policy"": ""low"", ""n_jobs"": 20, ""problem_class"": ""A"", ""queue_depth"": 32, ""queue_policy"": ""fcfs"", ""reservation_depth"": 64, ""workload"": ""sleep""}, ""2"": {""job_request_cores_per_task"": 24, ""job_request_gpus_per_task"": 1, ""job_request_nodes"": 1, ""job_request_ntasks_per_node"": 1, ""job_request_time"": ""30s"", ""match_policy"": ""first"", ""n_jobs"": 20, ""problem_class"": ""A"", ""queue_depth"": 32, ""queue_policy"": ""fcfs"", ""reservation_depth"": 64, ""workload"": ""sleep""}}}, ""system"": {""cpu_affinity"": true, ""flux_time_limit"": ""2m"", ""max_cores_per_node"": 96, ""max_gpus_per_node"": 4, ""queue"": ""pbatch"", ""slurm_time_limit"": ""00:02:00"", ""sys_nodes"": 1}}",1,tuolumne/SO_M
c0f6220376,"{""config"": {""instance_level"": {""0"": {""match_policy"": ""first"", ""queue_depth"": 32, ""queue_policy"": ""fcfs"", ""reservation_depth"": 64}, ""1"": {""job_request_cores_per_task"": 24, ""job_request_gpus_per_task"": 1, ""job_request_nodes"": 1, ""job_request_ntasks_per_node"": 1, ""job_request_time"": ""30s"", ""match_policy"": ""low"", ""n_jobs"": 20, ""problem_class"": ""A"", ""queue_depth"": 32, ""queue_policy"": ""fcfs"", ""reservation_depth"": 64, ""workload"": ""sleep""}, ""2"": {""job_request_cores_per_task"": 24, ""job_request_gpus_per_task"": 1, ""job_request_nodes"": 1, ""job_request_ntasks_per_node"": 1, ""job_request_time"": ""30s"", ""match_policy"": ""first"", ""n_jobs"": 20, ""problem_class"": ""A"", ""queue_depth"": 32, ""queue_policy"": ""fcfs"", ""reservation_depth"": 64, ""workload"": ""sleep""}}}, ""system"": {""cpu_affinity"": true, ""flux_time_limit"": ""2m"", ""max_cores_per_node"": 96, ""max_gpus_per_node"": 4, ""queue"": ""pbatch"", ""slurm_time_limit"": ""00:02:00"", ""sys_nodes"": 1}}",2,tuolumne/SO_M
c0f6220376,"{""config"": {""instance_level"": {""0"": {""match_policy"": ""first"", ""queue_depth"": 32, ""queue_policy"": ""fcfs"", ""reservation_depth"": 64}, ""1"": {""job_request_cores_per_task"": 24, ""job_request_gpus_per_task"": 1, ""job_request_nodes"": 1, ""job_request_ntasks_per_node"": 1, ""job_request_time"": ""30s"", ""match_policy"": ""low"", ""n_jobs"": 20, ""problem_class"": ""A"", ""queue_depth"": 32, ""queue_policy"": ""fcfs"", ""reservation_depth"": 64, ""workload"": ""sleep""}, ""2"": {""job_request_cores_per_task"": 24, ""job_request_gpus_per_task"": 1, ""job_request_nodes"": 1, ""job_request_ntasks_per_node"": 1, ""job_request_time"": ""30s"", ""match_policy"": ""first"", ""n_jobs"": 20, ""problem_class"": ""A"", ""queue_depth"": 32, ""queue_policy"": ""fcfs"", ""reservation_depth"": 64, ""workload"": ""sleep""}}}, ""system"": {""cpu_affinity"": true, ""flux_time_limit"": ""2m"", ""max_cores_per_node"": 96, ""max_gpus_per_node"": 4, ""queue"": ""pbatch"", ""slurm_time_limit"": ""00:02:00"", ""sys_nodes"": 1}}",3,tuolumne/SO_M
c0f6220376,"{""config"": {""instance_level"": {""0"": {""match_policy"": ""first"", ""queue_depth"": 32, ""queue_policy"": ""fcfs"", ""reservation_depth"": 64}, ""1"": {""job_request_cores_per_task"": 24, ""job_request_gpus_per_task"": 1, ""job_request_nodes"": 1, ""job_request_ntasks_per_node"": 1, ""job_request_time"": ""30s"", ""match_policy"": ""low"", ""n_jobs"": 20, ""problem_class"": ""A"", ""queue_depth"": 32, ""queue_policy"": ""fcfs"", ""reservation_depth"": 64, ""workload"": ""sleep""}, ""2"": {""job_request_cores_per_task"": 24, ""job_request_gpus_per_task"": 1, ""job_request_nodes"": 1, ""job_request_ntasks_per_node"": 1, ""job_request_time"": ""30s"", ""match_policy"": ""first"", ""n_jobs"": 20, ""problem_class"": ""A"", ""queue_depth"": 32, ""queue_policy"": ""fcfs"", ""reservation_depth"": 64, ""workload"": ""sleep""}}}, ""system"": {""cpu_affinity"": true, ""flux_time_limit"": ""2m"", ""max_cores_per_node"": 96, ""max_gpus_per_node"": 4, ""queue"": ""pbatch"", ""slurm_time_limit"": ""00:02:00"", ""sys_nodes"": 1}}",4,tuolumne/SO_M
c0f6220376,"{""config"": {""instance_level"": {""0"": {""match_policy"": ""first"", ""queue_depth"": 32, ""queue_policy"": ""fcfs"", ""reservation_depth"": 64}, ""1"": {""job_request_cores_per_task"": 24, ""job_request_gpus_per_task"": 1, ""job_request_nodes"": 1, ""job_request_ntasks_per_node"": 1, ""job_request_time"": ""30s"", ""match_policy"": ""low"", ""n_jobs"": 20, ""problem_class"": ""A"", ""queue_depth"": 32, ""queue_policy"": ""fcfs"", ""reservation_depth"": 64, ""workload"": ""sleep""}, ""2"": {""job_request_cores_per_task"": 24, ""job_request_gpus_per_task"": 1, ""job_request_nodes"": 1, ""job_request_ntasks_per_node"": 1, ""job_request_time"": ""30s"", ""match_policy"": ""first"", ""n_jobs"": 20, ""problem_class"": ""A"", ""queue_depth"": 32, ""queue_policy"": ""fcfs"", ""reservation_depth"": 64, ""workload"": ""sleep""}}}, ""system"": {""cpu_affinity"": true, ""flux_time_limit"": ""2m"", ""max_cores_per_node"": 96, ""max_gpus_per_node"": 4, ""queue"": ""pbatch"", ""slurm_time_limit"": ""00:02:00"", ""sys_nodes"": 1}}",5,tuolumne/SO_M
f4b597b52e,"{""config"": {""instance_level"": {""0"": {""match_policy"": ""first"", ""queue_depth"": 32, ""queue_policy"": ""fcfs"", ""reservation_depth"": 64}, ""1"": {""job_request_cores_per_task"": 24, ""job_request_gpus_per_task"": 1, ""job_request_nodes"": 1, ""job_request_ntasks_per_node"": 1, ""job_request_time"": ""30s"", ""match_policy"": ""low"", ""n_jobs"": 20, ""problem_class"": ""A"", ""queue_depth"": 32, ""queue_policy"": ""fcfs"", ""reservation_depth"": 64, ""workload"": ""sleep""}, ""2"": {""job_request_cores_per_task"": 24, ""job_request_gpus_per_task"": 1, ""job_request_nodes"": 1, ""job_request_ntasks_per_node"": 1, ""job_request_time"": ""30s"", ""match_policy"": ""first"", ""n_jobs"": 20, ""problem_class"": ""A"", ""queue_depth"": 32, ""queue_policy"": ""hybrid"", ""reservation_depth"": 64, ""workload"": ""sleep""}}}, ""system"": {""cpu_affinity"": true, ""flux_time_limit"": ""2m"", ""max_cores_per_node"": 96, ""max_gpus_per_node"": 4, ""queue"": ""pbatch"", ""slurm_time_limit"": ""00:02:00"", ""sys_nodes"": 1}}",1,tuolumne/SO_M
f4b597b52e,"{""config"": {""instance_level"": {""0"": {""match_policy"": ""first"", ""queue_depth"": 32, ""queue_policy"": ""fcfs"", ""reservation_depth"": 64}, ""1"": {""job_request_cores_per_task"": 24, ""job_request_gpus_per_task"": 1, ""job_request_nodes"": 1, ""job_request_ntasks_per_node"": 1, ""job_request_time"": ""30s"", ""match_policy"": ""low"", ""n_jobs"": 20, ""problem_class"": ""A"", ""queue_depth"": 32, ""queue_policy"": ""fcfs"", ""reservation_depth"": 64, ""workload"": ""sleep""}, ""2"": {""job_request_cores_per_task"": 24, ""job_request_gpus_per_task"": 1, ""job_request_nodes"": 1, ""job_request_ntasks_per_node"": 1, ""job_request_time"": ""30s"", ""match_policy"": ""first"", ""n_jobs"": 20, ""problem_class"": ""A"", ""queue_depth"": 32, ""queue_policy"": ""hybrid"", ""reservation_depth"": 64, ""workload"": ""sleep""}}}, ""system"": {""cpu_affinity"": true, ""flux_time_limit"": ""2m"", ""max_cores_per_node"": 96, ""max_gpus_per_node"": 4, ""queue"": ""pbatch"", ""slurm_time_limit"": ""00:02:00"", ""sys_nodes"": 1}}",2,tuolumne/SO_M
f4b597b52e,"{""config"": {""instance_level"": {""0"": {""match_policy"": ""first"", ""queue_depth"": 32, ""queue_policy"": ""fcfs"", ""reservation_depth"": 64}, ""1"": {""job_request_cores_per_task"": 24, ""job_request_gpus_per_task"": 1, ""job_request_nodes"": 1, ""job_request_ntasks_per_node"": 1, ""job_request_time"": ""30s"", ""match_policy"": ""low"", ""n_jobs"": 20, ""problem_class"": ""A"", ""queue_depth"": 32, ""queue_policy"": ""fcfs"", ""reservation_depth"": 64, ""workload"": ""sleep""}, ""2"": {""job_request_cores_per_task"": 24, ""job_request_gpus_per_task"": 1, ""job_request_nodes"": 1, ""job_request_ntasks_per_node"": 1, ""job_request_time"": ""30s"", ""match_policy"": ""first"", ""n_jobs"": 20, ""problem_class"": ""A"", ""queue_depth"": 32, ""queue_policy"": ""hybrid"", ""reservation_depth"": 64, ""workload"": ""sleep""}}}, ""system"": {""cpu_affinity"": true, ""flux_time_limit"": ""2m"", ""max_cores_per_node"": 96, ""max_gpus_per_node"": 4, ""queue"": ""pbatch"", ""slurm_time_limit"": ""00:02:00"", ""sys_nodes"": 1}}",3,tuolumne/SO_M
f4b597b52e,"{""config"": {""instance_level"": {""0"": {""match_policy"": ""first"", ""queue_depth"": 32, ""queue_policy"": ""fcfs"", ""reservation_depth"": 64}, ""1"": {""job_request_cores_per_task"": 24, ""job_request_gpus_per_task"": 1, ""job_request_nodes"": 1, ""job_request_ntasks_per_node"": 1, ""job_request_time"": ""30s"", ""match_policy"": ""low"", ""n_jobs"": 20, ""problem_class"": ""A"", ""queue_depth"": 32, ""queue_policy"": ""fcfs"", ""reservation_depth"": 64, ""workload"": ""sleep""}, ""2"": {""job_request_cores_per_task"": 24, ""job_request_gpus_per_task"": 1, ""job_request_nodes"": 1, ""job_request_ntasks_per_node"": 1, ""job_request_time"": ""30s"", ""match_policy"": ""first"", ""n_jobs"": 20, ""problem_class"": ""A"", ""queue_depth"": 32, ""queue_policy"": ""hybrid"", ""reservation_depth"": 64, ""workload"": ""sleep""}}}, ""system"": {""cpu_affinity"": true, ""flux_time_limit"": ""2m"", ""max_cores_per_node"": 96, ""max_gpus_per_node"": 4, ""queue"": ""pbatch"", ""slurm_time_limit"": ""00:02:00"", ""sys_nodes"": 1}}",4,tuolumne/SO_M
f4b597b52e,"{""config"": {""instance_level"": {""0"": {""match_policy"": ""first"", ""queue_depth"": 32, ""queue_policy"": ""fcfs"", ""reservation_depth"": 64}, ""1"": {""job_request_cores_per_task"": 24, ""job_request_gpus_per_task"": 1, ""job_request_nodes"": 1, ""job_request_ntasks_per_node"": 1, ""job_request_time"": ""30s"", ""match_policy"": ""low"", ""n_jobs"": 20, ""problem_class"": ""A"", ""queue_depth"": 32, ""queue_policy"": ""fcfs"", ""reservation_depth"": 64, ""workload"": ""sleep""}, ""2"": {""job_request_cores_per_task"": 24, ""job_request_gpus_per_task"": 1, ""job_request_nodes"": 1, ""job_request_ntasks_per_node"": 1, ""job_request_time"": ""30s"", ""match_policy"": ""first"", ""n_jobs"": 20, ""problem_class"": ""A"", ""queue_depth"": 32, ""queue_policy"": ""hybrid"", ""reservation_depth"": 64, ""workload"": ""sleep""}}}, ""system"": {""cpu_affinity"": true, ""flux_time_limit"": ""2m"", ""max_cores_per_node"": 96, ""max_gpus_per_node"": 4, ""queue"": ""pbatch"", ""slurm_time_limit"": ""00:02:00"", ""sys_nodes"": 1}}",5,tuolumne/SO_M
5dbed8efbf,"{""config"": {""instance_level"": {""0"": {""match_policy"": ""first"", ""queue_depth"": 32, ""queue_policy"": ""fcfs"", ""reservation_depth"": 64}, ""1"": {""job_request_cores_per_task"": 24, ""job_request_gpus_per_task"": 1, ""job_request_nodes"": 1, ""job_request_ntasks_per_node"": 1, ""job_request_time"": ""30s"", ""match_policy"": ""low"", ""n_jobs"": 20, ""problem_class"": ""A"", ""queue_depth"": 32, ""queue_policy"": ""fcfs"", ""reservation_depth"": 64, ""workload"": ""sleep""}, ""2"": {""job_request_cores_per_task"": 24, ""job_request_gpus_per_task"": 1, ""job_request_nodes"": 1, ""job_request_ntasks_per_node"": 1, ""job_request_time"": ""30s"", ""match_policy"": ""low"", ""n_jobs"": 20, ""problem_class"": ""A"", ""queue_depth"": 32, ""queue_policy"": ""fcfs"", ""reservation_depth"": 64, ""workload"": ""sleep""}}}, ""system"": {""cpu_affinity"": true, ""flux_time_limit"": ""2m"", ""max_cores_per_node"": 96, ""max_gpus_per_node"": 4, ""queue"": ""pbatch"", ""slurm_time_limit"": ""00:02:00"", ""sys_nodes"": 1}}",1,tuolumne/SO_M
5dbed8efbf,"{""config"": {""instance_level"": {""0"": {""match_policy"": ""first"", ""queue_depth"": 32, ""queue_policy"": ""fcfs"", ""reservation_depth"": 64}, ""1"": {""job_request_cores_per_task"": 24, ""job_request_gpus_per_task"": 1, ""job_request_nodes"": 1, ""job_request_ntasks_per_node"": 1, ""job_request_time"": ""30s"", ""match_policy"": ""low"", ""n_jobs"": 20, ""problem_class"": ""A"", ""queue_depth"": 32, ""queue_policy"": ""fcfs"", ""reservation_depth"": 64, ""workload"": ""sleep""}, ""2"": {""job_request_cores_per_task"": 24, ""job_request_gpus_per_task"": 1, ""job_request_nodes"": 1, ""job_request_ntasks_per_node"": 1, ""job_request_time"": ""30s"", ""match_policy"": ""low"", ""n_jobs"": 20, ""problem_class"": ""A"", ""queue_depth"": 32, ""queue_policy"": ""fcfs"", ""reservation_depth"": 64, ""workload"": ""sleep""}}}, ""system"": {""cpu_affinity"": true, ""flux_time_limit"": ""2m"", ""max_cores_per_node"": 96, ""max_gpus_per_node"": 4, ""queue"": ""pbatch"", ""slurm_time_limit"": ""00:02:00"", ""sys_nodes"": 1}}",2,tuolumne/SO_M
5dbed8efbf,"{""config"": {""instance_level"": {""0"": {""match_policy"": ""first"", ""queue_depth"": 32, ""queue_policy"": ""fcfs"", ""reservation_depth"": 64}, ""1"": {""job_request_cores_per_task"": 24, ""job_request_gpus_per_task"": 1, ""job_request_nodes"": 1, ""job_request_ntasks_per_node"": 1, ""job_request_time"": ""30s"", ""match_policy"": ""low"", ""n_jobs"": 20, ""problem_class"": ""A"", ""queue_depth"": 32, ""queue_policy"": ""fcfs"", ""reservation_depth"": 64, ""workload"": ""sleep""}, ""2"": {""job_request_cores_per_task"": 24, ""job_request_gpus_per_task"": 1, ""job_request_nodes"": 1, ""job_request_ntasks_per_node"": 1, ""job_request_time"": ""30s"", ""match_policy"": ""low"", ""n_jobs"": 20, ""problem_class"": ""A"", ""queue_depth"": 32, ""queue_policy"": ""fcfs"", ""reservation_depth"": 64, ""workload"": ""sleep""}}}, ""system"": {""cpu_affinity"": true, ""flux_time_limit"": ""2m"", ""max_cores_per_node"": 96, ""max_gpus_per_node"": 4, ""queue"": ""pbatch"", ""slurm_time_limit"": ""00:02:00"", ""sys_nodes"": 1}}",3,tuolumne/SO_M
5dbed8efbf,"{""config"": {""instance_level"": {""0"": {""match_policy"": ""first"", ""queue_depth"": 32, ""queue_policy"": ""fcfs"", ""reservation_depth"": 64}, ""1"": {""job_request_cores_per_task"": 24, ""job_request_gpus_per_task"": 1, ""job_request_nodes"": 1, ""job_request_ntasks_per_node"": 1, ""job_request_time"": ""30s"", ""match_policy"": ""low"", ""n_jobs"": 20, ""problem_class"": ""A"", ""queue_depth"": 32, ""queue_policy"": ""fcfs"", ""reservation_depth"": 64, ""workload"": ""sleep""}, ""2"": {""job_request_cores_per_task"": 24, ""job_request_gpus_per_task"": 1, ""job_request_nodes"": 1, ""job_request_ntasks_per_node"": 1, ""job_request_time"": ""30s"", ""match_policy"": ""low"", ""n_jobs"": 20, ""problem_class"": ""A"", ""queue_depth"": 32, ""queue_policy"": ""fcfs"", ""reservation_depth"": 64, ""workload"": ""sleep""}}}, ""system"": {""cpu_affinity"": true, ""flux_time_limit"": ""2m"", ""max_cores_per_node"": 96, ""max_gpus_per_node"": 4, ""queue"": ""pbatch"", ""slurm_time_limit"": ""00:02:00"", ""sys_nodes"": 1}}",4,tuolumne/SO_M
5dbed8efbf,"{""config"": {""instance_level"": {""0"": {""match_policy"": ""first"", ""queue_depth"": 32, ""queue_policy"": ""fcfs"", ""reservation_depth"": 64}, ""1"": {""job_request_cores_per_task"": 24, ""job_request_gpus_per_task"": 1, ""job_request_nodes"": 1, ""job_request_ntasks_per_node"": 1, ""job_request_time"": ""30s"", ""match_policy"": ""low"", ""n_jobs"": 20, ""problem_class"": ""A"", ""queue_depth"": 32, ""queue_policy"": ""fcfs"", ""reservation_depth"": 64, ""workload"": ""sleep""}, ""2"": {""job_request_cores_per_task"": 24, ""job_request_gpus_per_task"": 1, ""job_request_nodes"": 1, ""job_request_ntasks_per_node"": 1, ""job_request_time"": ""30s"", ""match_policy"": ""low"", ""n_jobs"": 20, ""problem_class"": ""A"", ""queue_depth"": 32, ""queue_policy"": ""fcfs"", ""reservation_depth"": 64, ""workload"": ""sleep""}}}, ""system"": {""cpu_affinity"": true, ""flux_time_limit"": ""2m"", ""max_cores_per_node"": 96, ""max_gpus_per_node"": 4, ""queue"": ""pbatch"", ""slurm_time_limit"": ""00:02:00"", ""sys_nodes"": 1}}",5,tuolumne/SO_M
2b88308146,"{""config"": {""instance_level"": {""0"": {""match_policy"": ""first"", ""queue_depth"": 32, ""queue_policy"": ""fcfs"", ""reservation_depth"": 64}, ""1"": {""job_request_cores_per_task"": 24, ""job_request_gpus_per_task"": 1, ""job_request_nodes"": 1, ""job_request_ntasks_per_node"": 1, ""job_request_time"": ""30s"", ""match_policy"": ""low"", ""n_jobs"": 20, ""problem_class"": ""A"", ""queue_depth"": 32, ""queue_policy"": ""fcfs"", ""reservation_depth"": 64, ""workload"": ""sleep""}, ""2"": {""job_request_cores_per_task"": 24, ""job_request_gpus_per_task"": 1, ""job_request_nodes"": 1, ""job_request_ntasks_per_node"": 1, ""job_request_time"": ""30s"", ""match_policy"": ""low"", ""n_jobs"": 20, ""problem_class"": ""A"", ""queue_depth"": 32, ""queue_policy"": ""hybrid"", ""reservation_depth"": 64, ""workload"": ""sleep""}}}, ""system"": {""cpu_affinity"": true, ""flux_time_limit"": ""2m"", ""max_cores_per_node"": 96, ""max_gpus_per_node"": 4, ""queue"": ""pbatch"", ""slurm_time_limit"": ""00:02:00"", ""sys_nodes"": 1}}",1,tuolumne/SO_M
2b88308146,"{""config"": {""instance_level"": {""0"": {""match_policy"": ""first"", ""queue_depth"": 32, ""queue_policy"": ""fcfs"", ""reservation_depth"": 64}, ""1"": {""job_request_cores_per_task"": 24, ""job_request_gpus_per_task"": 1, ""job_request_nodes"": 1, ""job_request_ntasks_per_node"": 1, ""job_request_time"": ""30s"", ""match_policy"": ""low"", ""n_jobs"": 20, ""problem_class"": ""A"", ""queue_depth"": 32, ""queue_policy"": ""fcfs"", ""reservation_depth"": 64, ""workload"": ""sleep""}, ""2"": {""job_request_cores_per_task"": 24, ""job_request_gpus_per_task"": 1, ""job_request_nodes"": 1, ""job_request_ntasks_per_node"": 1, ""job_request_time"": ""30s"", ""match_policy"": ""low"", ""n_jobs"": 20, ""problem_class"": ""A"", ""queue_depth"": 32, ""queue_policy"": ""hybrid"", ""reservation_depth"": 64, ""workload"": ""sleep""}}}, ""system"": {""cpu_affinity"": true, ""flux_time_limit"": ""2m"", ""max_cores_per_node"": 96, ""max_gpus_per_node"": 4, ""queue"": ""pbatch"", ""slurm_time_limit"": ""00:02:00"", ""sys_nodes"": 1}}",2,tuolumne/SO_M
2b88308146,"{""config"": {""instance_level"": {""0"": {""match_policy"": ""first"", ""queue_depth"": 32, ""queue_policy"": ""fcfs"", ""reservation_depth"": 64}, ""1"": {""job_request_cores_per_task"": 24, ""job_request_gpus_per_task"": 1, ""job_request_nodes"": 1, ""job_request_ntasks_per_node"": 1, ""job_request_time"": ""30s"", ""match_policy"": ""low"", ""n_jobs"": 20, ""problem_class"": ""A"", ""queue_depth"": 32, ""queue_policy"": ""fcfs"", ""reservation_depth"": 64, ""workload"": ""sleep""}, ""2"": {""job_request_cores_per_task"": 24, ""job_request_gpus_per_task"": 1, ""job_request_nodes"": 1, ""job_request_ntasks_per_node"": 1, ""job_request_time"": ""30s"", ""match_policy"": ""low"", ""n_jobs"": 20, ""problem_class"": ""A"", ""queue_depth"": 32, ""queue_policy"": ""hybrid"", ""reservation_depth"": 64, ""workload"": ""sleep""}}}, ""system"": {""cpu_affinity"": true, ""flux_time_limit"": ""2m"", ""max_cores_per_node"": 96, ""max_gpus_per_node"": 4, ""queue"": ""pbatch"", ""slurm_time_limit"": ""00:02:00"", ""sys_nodes"": 1}}",3,tuolumne/SO_M
2b88308146,"{""config"": {""instance_level"": {""0"": {""match_policy"": ""first"", ""queue_depth"": 32, ""queue_policy"": ""fcfs"", ""reservation_depth"": 64}, ""1"": {""job_request_cores_per_task"": 24, ""job_request_gpus_per_task"": 1, ""job_request_nodes"": 1, ""job_request_ntasks_per_node"": 1, ""job_request_time"": ""30s"", ""match_policy"": ""low"", ""n_jobs"": 20, ""problem_class"": ""A"", ""queue_depth"": 32, ""queue_policy"": ""fcfs"", ""reservation_depth"": 64, ""workload"": ""sleep""}, ""2"": {""job_request_cores_per_task"": 24, ""job_request_gpus_per_task"": 1, ""job_request_nodes"": 1, ""job_request_ntasks_per_node"": 1, ""job_request_time"": ""30s"", ""match_policy"": ""low"", ""n_jobs"": 20, ""problem_class"": ""A"", ""queue_depth"": 32, ""queue_policy"": ""hybrid"", ""reservation_depth"": 64, ""workload"": ""sleep""}}}, ""system"": {""cpu_affinity"": true, ""flux_time_limit"": ""2m"", ""max_cores_per_node"": 96, ""max_gpus_per_node"": 4, ""queue"": ""pbatch"", ""slurm_time_limit"": ""00:02:00"", ""sys_nodes"": 1}}",4,tuolumne/SO_M
2b88308146,"{""config"": {""instance_level"": {""0"": {""match_policy"": ""first"", ""queue_depth"": 32, ""queue_policy"": ""fcfs"", ""reservation_depth"": 64}, ""1"": {""job_request_cores_per_task"": 24, ""job_request_gpus_per_task"": 1, ""job_request_nodes"": 1, ""job_request_ntasks_per_node"": 1, ""job_request_time"": ""30s"", ""match_policy"": ""low"", ""n_jobs"": 20, ""problem_class"": ""A"", ""queue_depth"": 32, ""queue_policy"": ""fcfs"", ""reservation_depth"": 64, ""workload"": ""sleep""}, ""2"": {""job_request_cores_per_task"": 24, ""job_request_gpus_per_task"": 1, ""job_request_nodes"": 1, ""job_request_ntasks_per_node"": 1, ""job_request_time"": ""30s"", ""match_policy"": ""low"", ""n_jobs"": 20, ""problem_class"": ""A"", ""queue_depth"": 32, ""queue_policy"": ""hybrid"", ""reservation_depth"": 64, ""workload"": ""sleep""}}}, ""system"": {""cpu_affinity"": true, ""flux_time_limit"": ""2m"", ""max_cores_per_node"": 96, ""max_gpus_per_node"": 4, ""queue"": ""pbatch"", ""slurm_time_limit"": ""00:02:00"", ""sys_nodes"": 1}}",5,tuolumne/SO_M
a2af7310a6,"{""config"": {""instance_level"": {""0"": {""match_policy"": ""first"", ""queue_depth"": 32, ""queue_policy"": ""fcfs"", ""reservation_depth"": 64}, ""1"": {""job_request_cores_per_task"": 24, ""job_request_gpus_per_task"": 1, ""job_request_nodes"": 1, ""job_request_ntasks_per_node"": 1, ""job_request_time"": ""30s"", ""match_policy"": ""low"", ""n_jobs"": 20, ""problem_class"": ""A"", ""queue_depth"": 32, ""queue_policy"": ""hybrid"", ""reservation_depth"": 64, ""workload"": ""sleep""}, ""2"": {""job_request_cores_per_task"": 24, ""job_request_gpus_per_task"": 1, ""job_request_nodes"": 1, ""job_request_ntasks_per_node"": 1, ""job_request_time"": ""30s"", ""match_policy"": ""first"", ""n_jobs"": 20, ""problem_class"": ""A"", ""queue_depth"": 32, ""queue_policy"": ""fcfs"", ""reservation_depth"": 64, ""workload"": ""sleep""}}}, ""system"": {""cpu_affinity"": true, ""flux_time_limit"": ""2m"", ""max_cores_per_node"": 96, ""max_gpus_per_node"": 4, ""queue"": ""pbatch"", ""slurm_time_limit"": ""00:02:00"", ""sys_nodes"": 1}}",1,tuolumne/SO_M
a2af7310a6,"{""config"": {""instance_level"": {""0"": {""match_policy"": ""first"", ""queue_depth"": 32, ""queue_policy"": ""fcfs"", ""reservation_depth"": 64}, ""1"": {""job_request_cores_per_task"": 24, ""job_request_gpus_per_task"": 1, ""job_request_nodes"": 1, ""job_request_ntasks_per_node"": 1, ""job_request_time"": ""30s"", ""match_policy"": ""low"", ""n_jobs"": 20, ""problem_class"": ""A"", ""queue_depth"": 32, ""queue_policy"": ""hybrid"", ""reservation_depth"": 64, ""workload"": ""sleep""}, ""2"": {""job_request_cores_per_task"": 24, ""job_request_gpus_per_task"": 1, ""job_request_nodes"": 1, ""job_request_ntasks_per_node"": 1, ""job_request_time"": ""30s"", ""match_policy"": ""first"", ""n_jobs"": 20, ""problem_class"": ""A"", ""queue_depth"": 32, ""queue_policy"": ""fcfs"", ""reservation_depth"": 64, ""workload"": ""sleep""}}}, ""system"": {""cpu_affinity"": true, ""flux_time_limit"": ""2m"", ""max_cores_per_node"": 96, ""max_gpus_per_node"": 4, ""queue"": ""pbatch"", ""slurm_time_limit"": ""00:02:00"", ""sys_nodes"": 1}}",2,tuolumne/SO_M
a2af7310a6,"{""config"": {""instance_level"": {""0"": {""match_policy"": ""first"", ""queue_depth"": 32, ""queue_policy"": ""fcfs"", ""reservation_depth"": 64}, ""1"": {""job_request_cores_per_task"": 24, ""job_request_gpus_per_task"": 1, ""job_request_nodes"": 1, ""job_request_ntasks_per_node"": 1, ""job_request_time"": ""30s"", ""match_policy"": ""low"", ""n_jobs"": 20, ""problem_class"": ""A"", ""queue_depth"": 32, ""queue_policy"": ""hybrid"", ""reservation_depth"": 64, ""workload"": ""sleep""}, ""2"": {""job_request_cores_per_task"": 24, ""job_request_gpus_per_task"": 1, ""job_request_nodes"": 1, ""job_request_ntasks_per_node"": 1, ""job_request_time"": ""30s"", ""match_policy"": ""first"", ""n_jobs"": 20, ""problem_class"": ""A"", ""queue_depth"": 32, ""queue_policy"": ""fcfs"", ""reservation_depth"": 64, ""workload"": ""sleep""}}}, ""system"": {""cpu_affinity"": true, ""flux_time_limit"": ""2m"", ""max_cores_per_node"": 96, ""max_gpus_per_node"": 4, ""queue"": ""pbatch"", ""slurm_time_limit"": ""00:02:00"", ""sys_nodes"": 1}}",3,tuolumne/SO_M
a2af7310a6,"{""config"": {""instance_level"": {""0"": {""match_policy"": ""first"", ""queue_depth"": 32, ""queue_policy"": ""fcfs"", ""reservation_depth"": 64}, ""1"": {""job_request_cores_per_task"": 24, ""job_request_gpus_per_task"": 1, ""job_request_nodes"": 1, ""job_request_ntasks_per_node"": 1, ""job_request_time"": ""30s"", ""match_policy"": ""low"", ""n_jobs"": 20, ""problem_class"": ""A"", ""queue_depth"": 32, ""queue_policy"": ""hybrid"", ""reservation_depth"": 64, ""workload"": ""sleep""}, ""2"": {""job_request_cores_per_task"": 24, ""job_request_gpus_per_task"": 1, ""job_request_nodes"": 1, ""job_request_ntasks_per_node"": 1, ""job_request_time"": ""30s"", ""match_policy"": ""first"", ""n_jobs"": 20, ""problem_class"": ""A"", ""queue_depth"": 32, ""queue_policy"": ""fcfs"", ""reservation_depth"": 64, ""workload"": ""sleep""}}}, ""system"": {""cpu_affinity"": true, ""flux_time_limit"": ""2m"", ""max_cores_per_node"": 96, ""max_gpus_per_node"": 4, ""queue"": ""pbatch"", ""slurm_time_limit"": ""00:02:00"", ""sys_nodes"": 1}}",4,tuolumne/SO_M
a2af7310a6,"{""config"": {""instance_level"": {""0"": {""match_policy"": ""first"", ""queue_depth"": 32, ""queue_policy"": ""fcfs"", ""reservation_depth"": 64}, ""1"": {""job_request_cores_per_task"": 24, ""job_request_gpus_per_task"": 1, ""job_request_nodes"": 1, ""job_request_ntasks_per_node"": 1, ""job_request_time"": ""30s"", ""match_policy"": ""low"", ""n_jobs"": 20, ""problem_class"": ""A"", ""queue_depth"": 32, ""queue_policy"": ""hybrid"", ""reservation_depth"": 64, ""workload"": ""sleep""}, ""2"": {""job_request_cores_per_task"": 24, ""job_request_gpus_per_task"": 1, ""job_request_nodes"": 1, ""job_request_ntasks_per_node"": 1, ""job_request_time"": ""30s"", ""match_policy"": ""first"", ""n_jobs"": 20, ""problem_class"": ""A"", ""queue_depth"": 32, ""queue_policy"": ""fcfs"", ""reservation_depth"": 64, ""workload"": ""sleep""}}}, ""system"": {""cpu_affinity"": true, ""flux_time_limit"": ""2m"", ""max_cores_per_node"": 96, ""max_gpus_per_node"": 4, ""queue"": ""pbatch"", ""slurm_time_limit"": ""00:02:00"", ""sys_nodes"": 1}}",5,tuolumne/SO_M
4c57b3c557,"{""config"": {""instance_level"": {""0"": {""match_policy"": ""first"", ""queue_depth"": 32, ""queue_policy"": ""fcfs"", ""reservation_depth"": 64}, ""1"": {""job_request_cores_per_task"": 24, ""job_request_gpus_per_task"": 1, ""job_request_nodes"": 1, ""job_request_ntasks_per_node"": 1, ""job_request_time"": ""30s"", ""match_policy"": ""low"", ""n_jobs"": 20, ""problem_class"": ""A"", ""queue_depth"": 32, ""queue_policy"": ""hybrid"", ""reservation_depth"": 64, ""workload"": ""sleep""}, ""2"": {""job_request_cores_per_task"": 24, ""job_request_gpus_per_task"": 1, ""job_request_nodes"": 1, ""job_request_ntasks_per_node"": 1, ""job_request_time"": ""30s"", ""match_policy"": ""first"", ""n_jobs"": 20, ""problem_class"": ""A"", ""queue_depth"": 32, ""queue_policy"": ""hybrid"", ""reservation_depth"": 64, ""workload"": ""sleep""}}}, ""system"": {""cpu_affinity"": true, ""flux_time_limit"": ""2m"", ""max_cores_per_node"": 96, ""max_gpus_per_node"": 4, ""queue"": ""pbatch"", ""slurm_time_limit"": ""00:02:00"", ""sys_nodes"": 1}}",1,tuolumne/SO_M
4c57b3c557,"{""config"": {""instance_level"": {""0"": {""match_policy"": ""first"", ""queue_depth"": 32, ""queue_policy"": ""fcfs"", ""reservation_depth"": 64}, ""1"": {""job_request_cores_per_task"": 24, ""job_request_gpus_per_task"": 1, ""job_request_nodes"": 1, ""job_request_ntasks_per_node"": 1, ""job_request_time"": ""30s"", ""match_policy"": ""low"", ""n_jobs"": 20, ""problem_class"": ""A"", ""queue_depth"": 32, ""queue_policy"": ""hybrid"", ""reservation_depth"": 64, ""workload"": ""sleep""}, ""2"": {""job_request_cores_per_task"": 24, ""job_request_gpus_per_task"": 1, ""job_request_nodes"": 1, ""job_request_ntasks_per_node"": 1, ""job_request_time"": ""30s"", ""match_policy"": ""first"", ""n_jobs"": 20, ""problem_class"": ""A"", ""queue_depth"": 32, ""queue_policy"": ""hybrid"", ""reservation_depth"": 64, ""workload"": ""sleep""}}}, ""system"": {""cpu_affinity"": true, ""flux_time_limit"": ""2m"", ""max_cores_per_node"": 96, ""max_gpus_per_node"": 4, ""queue"": ""pbatch"", ""slurm_time_limit"": ""00:02:00"", ""sys_nodes"": 1}}",2,tuolumne/SO_M
4c57b3c557,"{""config"": {""instance_level"": {""0"": {""match_policy"": ""first"", ""queue_depth"": 32, ""queue_policy"": ""fcfs"", ""reservation_depth"": 64}, ""1"": {""job_request_cores_per_task"": 24, ""job_request_gpus_per_task"": 1, ""job_request_nodes"": 1, ""job_request_ntasks_per_node"": 1, ""job_request_time"": ""30s"", ""match_policy"": ""low"", ""n_jobs"": 20, ""problem_class"": ""A"", ""queue_depth"": 32, ""queue_policy"": ""hybrid"", ""reservation_depth"": 64, ""workload"": ""sleep""}, ""2"": {""job_request_cores_per_task"": 24, ""job_request_gpus_per_task"": 1, ""job_request_nodes"": 1, ""job_request_ntasks_per_node"": 1, ""job_request_time"": ""30s"", ""match_policy"": ""first"", ""n_jobs"": 20, ""problem_class"": ""A"", ""queue_depth"": 32, ""queue_policy"": ""hybrid"", ""reservation_depth"": 64, ""workload"": ""sleep""}}}, ""system"": {""cpu_affinity"": true, ""flux_time_limit"": ""2m"", ""max_cores_per_node"": 96, ""max_gpus_per_node"": 4, ""queue"": ""pbatch"", ""slurm_time_limit"": ""00:02:00"", ""sys_nodes"": 1}}",3,tuolumne/SO_M
4c57b3c557,"{""config"": {""instance_level"": {""0"": {""match_policy"": ""first"", ""queue_depth"": 32, ""queue_policy"": ""fcfs"", ""reservation_depth"": 64}, ""1"": {""job_request_cores_per_task"": 24, ""job_request_gpus_per_task"": 1, ""job_request_nodes"": 1, ""job_request_ntasks_per_node"": 1, ""job_request_time"": ""30s"", ""match_policy"": ""low"", ""n_jobs"": 20, ""problem_class"": ""A"", ""queue_depth"": 32, ""queue_policy"": ""hybrid"", ""reservation_depth"": 64, ""workload"": ""sleep""}, ""2"": {""job_request_cores_per_task"": 24, ""job_request_gpus_per_task"": 1, ""job_request_nodes"": 1, ""job_request_ntasks_per_node"": 1, ""job_request_time"": ""30s"", ""match_policy"": ""first"", ""n_jobs"": 20, ""problem_class"": ""A"", ""queue_depth"": 32, ""queue_policy"": ""hybrid"", ""reservation_depth"": 64, ""workload"": ""sleep""}}}, ""system"": {""cpu_affinity"": true, ""flux_time_limit"": ""2m"", ""max_cores_per_node"": 96, ""max_gpus_per_node"": 4, ""queue"": ""pbatch"", ""slurm_time_limit"": ""00:02:00"", ""sys_nodes"": 1}}",4,tuolumne/SO_M
4c57b3c557,"{""config"": {""instance_level"": {""0"": {""match_policy"": ""first"", ""queue_depth"": 32, ""queue_policy"": ""fcfs"", ""reservation_depth"": 64}, ""1"": {""job_request_cores_per_task"": 24, ""job_request_gpus_per_task"": 1, ""job_request_nodes"": 1, ""job_request_ntasks_per_node"": 1, ""job_request_time"": ""30s"", ""match_policy"": ""low"", ""n_jobs"": 20, ""problem_class"": ""A"", ""queue_depth"": 32, ""queue_policy"": ""hybrid"", ""reservation_depth"": 64, ""workload"": ""sleep""}, ""2"": {""job_request_cores_per_task"": 24, ""job_request_gpus_per_task"": 1, ""job_request_nodes"": 1, ""job_request_ntasks_per_node"": 1, ""job_request_time"": ""30s"", ""match_policy"": ""first"", ""n_jobs"": 20, ""problem_class"": ""A"", ""queue_depth"": 32, ""queue_policy"": ""hybrid"", ""reservation_depth"": 64, ""workload"": ""sleep""}}}, ""system"": {""cpu_affinity"": true, ""flux_time_limit"": ""2m"", ""max_cores_per_node"": 96, ""max_gpus_per_node"": 4, ""queue"": ""pbatch"", ""slurm_time_limit"": ""00:02:00"", ""sys_nodes"": 1}}",5,tuolumne/SO_M
5cdc930d59,"{""config"": {""instance_level"": {""0"": {""match_policy"": ""first"", ""queue_depth"": 32, ""queue_policy"": ""fcfs"", ""reservation_depth"": 64}, ""1"": {""job_request_cores_per_task"": 24, ""job_request_gpus_per_task"": 1, ""job_request_nodes"": 1, ""job_request_ntasks_per_node"": 1, ""job_request_time"": ""30s"", ""match_policy"": ""low"", ""n_jobs"": 20, ""problem_class"": ""A"", ""queue_depth"": 32, ""queue_policy"": ""hybrid"", ""reservation_depth"": 64, ""workload"": ""sleep""}, ""2"": {""job_request_cores_per_task"": 24, ""job_request_gpus_per_task"": 1, ""job_request_nodes"": 1, ""job_request_ntasks_per_node"": 1, ""job_request_time"": ""30s"", ""match_policy"": ""low"", ""n_jobs"": 20, ""problem_class"": ""A"", ""queue_depth"": 32, ""queue_policy"": ""fcfs"", ""reservation_depth"": 64, ""workload"": ""sleep""}}}, ""system"": {""cpu_affinity"": true, ""flux_time_limit"": ""2m"", ""max_cores_per_node"": 96, ""max_gpus_per_node"": 4, ""queue"": ""pbatch"", ""slurm_time_limit"": ""00:02:00"", ""sys_nodes"": 1}}",1,tuolumne/SO_M
5cdc930d59,"{""config"": {""instance_level"": {""0"": {""match_policy"": ""first"", ""queue_depth"": 32, ""queue_policy"": ""fcfs"", ""reservation_depth"": 64}, ""1"": {""job_request_cores_per_task"": 24, ""job_request_gpus_per_task"": 1, ""job_request_nodes"": 1, ""job_request_ntasks_per_node"": 1, ""job_request_time"": ""30s"", ""match_policy"": ""low"", ""n_jobs"": 20, ""problem_class"": ""A"", ""queue_depth"": 32, ""queue_policy"": ""hybrid"", ""reservation_depth"": 64, ""workload"": ""sleep""}, ""2"": {""job_request_cores_per_task"": 24, ""job_request_gpus_per_task"": 1, ""job_request_nodes"": 1, ""job_request_ntasks_per_node"": 1, ""job_request_time"": ""30s"", ""match_policy"": ""low"", ""n_jobs"": 20, ""problem_class"": ""A"", ""queue_depth"": 32, ""queue_policy"": ""fcfs"", ""reservation_depth"": 64, ""workload"": ""sleep""}}}, ""system"": {""cpu_affinity"": true, ""flux_time_limit"": ""2m"", ""max_cores_per_node"": 96, ""max_gpus_per_node"": 4, ""queue"": ""pbatch"", ""slurm_time_limit"": ""00:02:00"", ""sys_nodes"": 1}}",2,tuolumne/SO_M
5cdc930d59,"{""config"": {""instance_level"": {""0"": {""match_policy"": ""first"", ""queue_depth"": 32, ""queue_policy"": ""fcfs"", ""reservation_depth"": 64}, ""1"": {""job_request_cores_per_task"": 24, ""job_request_gpus_per_task"": 1, ""job_request_nodes"": 1, ""job_request_ntasks_per_node"": 1, ""job_request_time"": ""30s"", ""match_policy"": ""low"", ""n_jobs"": 20, ""problem_class"": ""A"", ""queue_depth"": 32, ""queue_policy"": ""hybrid"", ""reservation_depth"": 64, ""workload"": ""sleep""}, ""2"": {""job_request_cores_per_task"": 24, ""job_request_gpus_per_task"": 1, ""job_request_nodes"": 1, ""job_request_ntasks_per_node"": 1, ""job_request_time"": ""30s"", ""match_policy"": ""low"", ""n_jobs"": 20, ""problem_class"": ""A"", ""queue_depth"": 32, ""queue_policy"": ""fcfs"", ""reservation_depth"": 64, ""workload"": ""sleep""}}}, ""system"": {""cpu_affinity"": true, ""flux_time_limit"": ""2m"", ""max_cores_per_node"": 96, ""max_gpus_per_node"": 4, ""queue"": ""pbatch"", ""slurm_time_limit"": ""00:02:00"", ""sys_nodes"": 1}}",3,tuolumne/SO_M
5cdc930d59,"{""config"": {""instance_level"": {""0"": {""match_policy"": ""first"", ""queue_depth"": 32, ""queue_policy"": ""fcfs"", ""reservation_depth"": 64}, ""1"": {""job_request_cores_per_task"": 24, ""job_request_gpus_per_task"": 1, ""job_request_nodes"": 1, ""job_request_ntasks_per_node"": 1, ""job_request_time"": ""30s"", ""match_policy"": ""low"", ""n_jobs"": 20, ""problem_class"": ""A"", ""queue_depth"": 32, ""queue_policy"": ""hybrid"", ""reservation_depth"": 64, ""workload"": ""sleep""}, ""2"": {""job_request_cores_per_task"": 24, ""job_request_gpus_per_task"": 1, ""job_request_nodes"": 1, ""job_request_ntasks_per_node"": 1, ""job_request_time"": ""30s"", ""match_policy"": ""low"", ""n_jobs"": 20, ""problem_class"": ""A"", ""queue_depth"": 32, ""queue_policy"": ""fcfs"", ""reservation_depth"": 64, ""workload"": ""sleep""}}}, ""system"": {""cpu_affinity"": true, ""flux_time_limit"": ""2m"", ""max_cores_per_node"": 96, ""max_gpus_per_node"": 4, ""queue"": ""pbatch"", ""slurm_time_limit"": ""00:02:00"", ""sys_nodes"": 1}}",4,tuolumne/SO_M
5cdc930d59,"{""config"": {""instance_level"": {""0"": {""match_policy"": ""first"", ""queue_depth"": 32, ""queue_policy"": ""fcfs"", ""reservation_depth"": 64}, ""1"": {""job_request_cores_per_task"": 24, ""job_request_gpus_per_task"": 1, ""job_request_nodes"": 1, ""job_request_ntasks_per_node"": 1, ""job_request_time"": ""30s"", ""match_policy"": ""low"", ""n_jobs"": 20, ""problem_class"": ""A"", ""queue_depth"": 32, ""queue_policy"": ""hybrid"", ""reservation_depth"": 64, ""workload"": ""sleep""}, ""2"": {""job_request_cores_per_task"": 24, ""job_request_gpus_per_task"": 1, ""job_request_nodes"": 1, ""job_request_ntasks_per_node"": 1, ""job_request_time"": ""30s"", ""match_policy"": ""low"", ""n_jobs"": 20, ""problem_class"": ""A"", ""queue_depth"": 32, ""queue_policy"": ""fcfs"", ""reservation_depth"": 64, ""workload"": ""sleep""}}}, ""system"": {""cpu_affinity"": true, ""flux_time_limit"": ""2m"", ""max_cores_per_node"": 96, ""max_gpus_per_node"": 4, ""queue"": ""pbatch"", ""slurm_time_limit"": ""00:02:00"", ""sys_nodes"": 1}}",5,tuolumne/SO_M
13298f7892,"{""config"": {""instance_level"": {""0"": {""match_policy"": ""first"", ""queue_depth"": 32, ""queue_policy"": ""fcfs"", ""reservation_depth"": 64}, ""1"": {""job_request_cores_per_task"": 24, ""job_request_gpus_per_task"": 1, ""job_request_nodes"": 1, ""job_request_ntasks_per_node"": 1, ""job_request_time"": ""30s"", ""match_policy"": ""low"", ""n_jobs"": 20, ""problem_class"": ""A"", ""queue_depth"": 32, ""queue_policy"": ""hybrid"", ""reservation_depth"": 64, ""workload"": ""sleep""}, ""2"": {""job_request_cores_per_task"": 24, ""job_request_gpus_per_task"": 1, ""job_request_nodes"": 1, ""job_request_ntasks_per_node"": 1, ""job_request_time"": ""30s"", ""match_policy"": ""low"", ""n_jobs"": 20, ""problem_class"": ""A"", ""queue_depth"": 32, ""queue_policy"": ""hybrid"", ""reservation_depth"": 64, ""workload"": ""sleep""}}}, ""system"": {""cpu_affinity"": true, ""flux_time_limit"": ""2m"", ""max_cores_per_node"": 96, ""max_gpus_per_node"": 4, ""queue"": ""pbatch"", ""slurm_time_limit"": ""00:02:00"", ""sys_nodes"": 1}}",1,tuolumne/SO_M
13298f7892,"{""config"": {""instance_level"": {""0"": {""match_policy"": ""first"", ""queue_depth"": 32, ""queue_policy"": ""fcfs"", ""reservation_depth"": 64}, ""1"": {""job_request_cores_per_task"": 24, ""job_request_gpus_per_task"": 1, ""job_request_nodes"": 1, ""job_request_ntasks_per_node"": 1, ""job_request_time"": ""30s"", ""match_policy"": ""low"", ""n_jobs"": 20, ""problem_class"": ""A"", ""queue_depth"": 32, ""queue_policy"": ""hybrid"", ""reservation_depth"": 64, ""workload"": ""sleep""}, ""2"": {""job_request_cores_per_task"": 24, ""job_request_gpus_per_task"": 1, ""job_request_nodes"": 1, ""job_request_ntasks_per_node"": 1, ""job_request_time"": ""30s"", ""match_policy"": ""low"", ""n_jobs"": 20, ""problem_class"": ""A"", ""queue_depth"": 32, ""queue_policy"": ""hybrid"", ""reservation_depth"": 64, ""workload"": ""sleep""}}}, ""system"": {""cpu_affinity"": true, ""flux_time_limit"": ""2m"", ""max_cores_per_node"": 96, ""max_gpus_per_node"": 4, ""queue"": ""pbatch"", ""slurm_time_limit"": ""00:02:00"", ""sys_nodes"": 1}}",2,tuolumne/SO_M
13298f7892,"{""config"": {""instance_level"": {""0"": {""match_policy"": ""first"", ""queue_depth"": 32, ""queue_policy"": ""fcfs"", ""reservation_depth"": 64}, ""1"": {""job_request_cores_per_task"": 24, ""job_request_gpus_per_task"": 1, ""job_request_nodes"": 1, ""job_request_ntasks_per_node"": 1, ""job_request_time"": ""30s"", ""match_policy"": ""low"", ""n_jobs"": 20, ""problem_class"": ""A"", ""queue_depth"": 32, ""queue_policy"": ""hybrid"", ""reservation_depth"": 64, ""workload"": ""sleep""}, ""2"": {""job_request_cores_per_task"": 24, ""job_request_gpus_per_task"": 1, ""job_request_nodes"": 1, ""job_request_ntasks_per_node"": 1, ""job_request_time"": ""30s"", ""match_policy"": ""low"", ""n_jobs"": 20, ""problem_class"": ""A"", ""queue_depth"": 32, ""queue_policy"": ""hybrid"", ""reservation_depth"": 64, ""workload"": ""sleep""}}}, ""system"": {""cpu_affinity"": true, ""flux_time_limit"": ""2m"", ""max_cores_per_node"": 96, ""max_gpus_per_node"": 4, ""queue"": ""pbatch"", ""slurm_time_limit"": ""00:02:00"", ""sys_nodes"": 1}}",3,tuolumne/SO_M
13298f7892,"{""config"": {""instance_level"": {""0"": {""match_policy"": ""first"", ""queue_depth"": 32, ""queue_policy"": ""fcfs"", ""reservation_depth"": 64}, ""1"": {""job_request_cores_per_task"": 24, ""job_request_gpus_per_task"": 1, ""job_request_nodes"": 1, ""job_request_ntasks_per_node"": 1, ""job_request_time"": ""30s"", ""match_policy"": ""low"", ""n_jobs"": 20, ""problem_class"": ""A"", ""queue_depth"": 32, ""queue_policy"": ""hybrid"", ""reservation_depth"": 64, ""workload"": ""sleep""}, ""2"": {""job_request_cores_per_task"": 24, ""job_request_gpus_per_task"": 1, ""job_request_nodes"": 1, ""job_request_ntasks_per_node"": 1, ""job_request_time"": ""30s"", ""match_policy"": ""low"", ""n_jobs"": 20, ""problem_class"": ""A"", ""queue_depth"": 32, ""queue_policy"": ""hybrid"", ""reservation_depth"": 64, ""workload"": ""sleep""}}}, ""system"": {""cpu_affinity"": true, ""flux_time_limit"": ""2m"", ""max_cores_per_node"": 96, ""max_gpus_per_node"": 4, ""queue"": ""pbatch"", ""slurm_time_limit"": ""00:02:00"", ""sys_nodes"": 1}}",4,tuolumne/SO_M
13298f7892,"{""config"": {""instance_level"": {""0"": {""match_policy"": ""first"", ""queue_depth"": 32, ""queue_policy"": ""fcfs"", ""reservation_depth"": 64}, ""1"": {""job_request_cores_per_task"": 24, ""job_request_gpus_per_task"": 1, ""job_request_nodes"": 1, ""job_request_ntasks_per_node"": 1, ""job_request_time"": ""30s"", ""match_policy"": ""low"", ""n_jobs"": 20, ""problem_class"": ""A"", ""queue_depth"": 32, ""queue_policy"": ""hybrid"", ""reservation_depth"": 64, ""workload"": ""sleep""}, ""2"": {""job_request_cores_per_task"": 24, ""job_request_gpus_per_task"": 1, ""job_request_nodes"": 1, ""job_request_ntasks_per_node"": 1, ""job_request_time"": ""30s"", ""match_policy"": ""low"", ""n_jobs"": 20, ""problem_class"": ""A"", ""queue_depth"": 32, ""queue_policy"": ""hybrid"", ""reservation_depth"": 64, ""workload"": ""sleep""}}}, ""system"": {""cpu_affinity"": true, ""flux_time_limit"": ""2m"", ""max_cores_per_node"": 96, ""max_gpus_per_node"": 4, ""queue"": ""pbatch"", ""slurm_time_limit"": ""00:02:00"", ""sys_nodes"": 1}}",5,tuolumne/SO_M
